id	album	filename	target	onedrive	target_size	od_size
3023	2011	20110922141756.jpg	/mnt/1tb/wppa-source/album-127/20110922141756.jpg	"/mnt/1tb/onedrive/Pictures/Other Photos/1964 - 2015 Original Photos/2011 Originals/2011.07.26 - Rest from Android Phone/20110922141756.jpg"	182748	4322264
3045	2012	C360_2012-03-04-12-16-49.jpg	/mnt/1tb/wppa-source/album-128/C360_2012-03-04-12-16-49.jpg	"/mnt/1tb/onedrive/Pictures/Other Photos/1964 - 2015 Original Photos/2012-13 Originals/C360_2012-03-04-12-16-49.jpg"	356824	5686925
3046	2012	C360_2012-03-04-15-20-21.jpg	/mnt/1tb/wppa-source/album-128/C360_2012-03-04-15-20-21.jpg	"/mnt/1tb/onedrive/Pictures/Other Photos/1964 - 2015 Original Photos/2012-13 Originals/C360_2012-03-04-15-20-21.jpg"	628359	6901610
3047	2012	C360_2012-03-05-11-39-20.jpg	/mnt/1tb/wppa-source/album-128/C360_2012-03-05-11-39-20.jpg	"/mnt/1tb/onedrive/Pictures/Other Photos/1964 - 2015 Original Photos/2012-13 Originals/C360_2012-03-05-11-39-20.jpg"	626993	6162256
3048	2012	C360_2012-03-05-16-16-37.jpg	/mnt/1tb/wppa-source/album-128/C360_2012-03-05-16-16-37.jpg	"/mnt/1tb/onedrive/Pictures/Other Photos/1964 - 2015 Original Photos/2012-13 Originals/C360_2012-03-05-16-16-37.jpg"	855922	7821567
3049	2012	C360_2012-03-05-16-21-52.jpg	/mnt/1tb/wppa-source/album-128/C360_2012-03-05-16-21-52.jpg	"/mnt/1tb/onedrive/Pictures/Other Photos/1964 - 2015 Original Photos/2012-13 Originals/C360_2012-03-05-16-21-52.jpg"	585731	6713124
3050	2012	C360_2012-03-07-17-03-39.jpg	/mnt/1tb/wppa-source/album-128/C360_2012-03-07-17-03-39.jpg	"/mnt/1tb/onedrive/Pictures/Other Photos/1964 - 2015 Original Photos/2012-13 Originals/C360_2012-03-07-17-03-39.jpg"	397670	5793927
3051	2012	C360_2012-03-07-17-35-23.jpg	/mnt/1tb/wppa-source/album-128/C360_2012-03-07-17-35-23.jpg	"/mnt/1tb/onedrive/Pictures/Other Photos/1964 - 2015 Original Photos/2012-13 Originals/C360_2012-03-07-17-35-23.jpg"	361270	5592517
3052	2012	C360_2012-04-05-16-30-45.jpg	/mnt/1tb/wppa-source/album-128/C360_2012-04-05-16-30-45.jpg	"/mnt/1tb/onedrive/Pictures/Other Photos/1964 - 2015 Original Photos/2012-13 Originals/C360_2012-04-05-16-30-45.jpg"	300288	3751988
3053	2012	C360_2012-05-09-11-49-07.jpg	/mnt/1tb/wppa-source/album-128/C360_2012-05-09-11-49-07.jpg	"/mnt/1tb/onedrive/Pictures/Other Photos/1964 - 2015 Original Photos/2012-13 Originals/C360_2012-05-09-11-49-07.jpg"	663918	5464105
3054	2012	C360_2012-06-30-10-42-47.jpg	/mnt/1tb/wppa-source/album-128/C360_2012-06-30-10-42-47.jpg	"/mnt/1tb/onedrive/Pictures/Other Photos/1964 - 2015 Original Photos/2012-13 Originals/C360_2012-06-30-10-42-47.jpg"	1082193	7606621
3055	2012	C360_2012-07-03-20-15-33_org.jpg	/mnt/1tb/wppa-source/album-128/C360_2012-07-03-20-15-33_org.jpg	"/mnt/1tb/onedrive/Pictures/Other Photos/1964 - 2015 Original Photos/2012-13 Originals/C360_2012-07-03-20-15-33_org.jpg"	303544	3048838
3056	2012	C360_2012-07-07-15-09-14_org.jpg	/mnt/1tb/wppa-source/album-128/C360_2012-07-07-15-09-14_org.jpg	"/mnt/1tb/onedrive/Pictures/Other Photos/1964 - 2015 Original Photos/2012-13 Originals/C360_2012-07-07-15-09-14_org.jpg"	538948	4918603
3057	2012	C360_2012-07-14-14-44-11.jpg	/mnt/1tb/wppa-source/album-128/C360_2012-07-14-14-44-11.jpg	"/mnt/1tb/onedrive/Pictures/Other Photos/1964 - 2015 Original Photos/2012-13 Originals/C360_2012-07-14-14-44-11.jpg"	511229	5736186
3058	2012	C360_2012-07-16-15-35-10.jpg	/mnt/1tb/wppa-source/album-128/C360_2012-07-16-15-35-10.jpg	"/mnt/1tb/onedrive/Pictures/Other Photos/1964 - 2015 Original Photos/2012-13 Originals/C360_2012-07-16-15-35-10.jpg"	539981	5712713
3059	2012	C360_2012-07-17-14-58-52_org.jpg	/mnt/1tb/wppa-source/album-128/C360_2012-07-17-14-58-52_org.jpg	"/mnt/1tb/onedrive/Pictures/Other Photos/1964 - 2015 Original Photos/2012-13 Originals/C360_2012-07-17-14-58-52_org.jpg"	450111	4507851
3060	2012	C360_2012-07-21-15-12-35.jpg	/mnt/1tb/wppa-source/album-128/C360_2012-07-21-15-12-35.jpg	"/mnt/1tb/onedrive/Pictures/Other Photos/1964 - 2015 Original Photos/2012-13 Originals/C360_2012-07-21-15-12-35.jpg"	737192	6419256
3061	2012	C360_2012-08-13-11-55-19_org.jpg	/mnt/1tb/wppa-source/album-128/C360_2012-08-13-11-55-19_org.jpg	"/mnt/1tb/onedrive/Pictures/Other Photos/1964 - 2015 Original Photos/2012-13 Originals/C360_2012-08-13-11-55-19_org.jpg"	393731	4487565
3062	2012	C360_2012-08-13-19-07-27.jpg	/mnt/1tb/wppa-source/album-128/C360_2012-08-13-19-07-27.jpg	"/mnt/1tb/onedrive/Pictures/Other Photos/1964 - 2015 Original Photos/2012-13 Originals/C360_2012-08-13-19-07-27.jpg"	436396	5325500
3063	2012	C360_2012-08-22-14-15-47.jpg	/mnt/1tb/wppa-source/album-128/C360_2012-08-22-14-15-47.jpg	"/mnt/1tb/onedrive/Pictures/Other Photos/1964 - 2015 Original Photos/2012-13 Originals/C360_2012-08-22-14-15-47.jpg"	1008110	7139736
3064	2012	C360_2012-09-23-10-19-51.jpg	/mnt/1tb/wppa-source/album-128/C360_2012-09-23-10-19-51.jpg	"/mnt/1tb/onedrive/Pictures/Other Photos/1964 - 2015 Original Photos/2012-13 Originals/C360_2012-09-23-10-19-51.jpg"	424947	5440783
3065	2012	C360_2012-09-30-16-07-43.jpg	/mnt/1tb/wppa-source/album-128/C360_2012-09-30-16-07-43.jpg	"/mnt/1tb/onedrive/Pictures/Other Photos/1964 - 2015 Original Photos/2012-13 Originals/C360_2012-09-30-16-07-43.jpg"	904262	7023947
3067	2012	IMG_20121001_155540.jpg	/mnt/1tb/wppa-source/album-128/IMG_20121001_155540.jpg	"/mnt/1tb/onedrive/Pictures/Other Photos/1964 - 2015 Original Photos/2012-13 Originals/IMG_20121001_155540.jpg"	432304	4591143
3071	2012	P1000004.JPG	/mnt/1tb/wppa-source/album-128/P1000004.JPG	"/mnt/1tb/onedrive/Pictures/Other Photos/1964 - 2015 Original Photos/2012-13 Originals/P1000004.JPG"	355966	4183040
3072	2012	P1000011.JPG	/mnt/1tb/wppa-source/album-128/P1000011.JPG	"/mnt/1tb/onedrive/Pictures/Other Photos/1964 - 2015 Original Photos/2012-13 Originals/P1000011.JPG"	713333	4040192
3073	2012	P1000013.JPG	/mnt/1tb/wppa-source/album-128/P1000013.JPG	"/mnt/1tb/onedrive/Pictures/Other Photos/1964 - 2015 Original Photos/2012-13 Originals/P1000013.JPG"	642149	4331008
3074	2012	P1000023.JPG	/mnt/1tb/wppa-source/album-128/P1000023.JPG	"/mnt/1tb/onedrive/Pictures/Other Photos/1964 - 2015 Original Photos/2012-13 Originals/P1000023.JPG"	871218	4163584
3075	2012	P1000027.JPG	/mnt/1tb/wppa-source/album-128/P1000027.JPG	"/mnt/1tb/onedrive/Pictures/Other Photos/1964 - 2015 Original Photos/2012-13 Originals/P1000027.JPG"	641411	4244992
3076	2012	P1000037.JPG	/mnt/1tb/wppa-source/album-128/P1000037.JPG	"/mnt/1tb/onedrive/Pictures/Other Photos/1964 - 2015 Original Photos/2012-13 Originals/P1000037.JPG"	324513	4240896
3077	2012	P1000039.JPG	/mnt/1tb/wppa-source/album-128/P1000039.JPG	"/mnt/1tb/onedrive/Pictures/Other Photos/1964 - 2015 Original Photos/2012-13 Originals/P1000039.JPG"	195812	3392512
3078	2012	P1000211.JPG	/mnt/1tb/wppa-source/album-128/P1000211.JPG	"/mnt/1tb/onedrive/Pictures/Other Photos/1964 - 2015 Original Photos/2012-13 Originals/P1000211.JPG"	238834	4038656
3079	2012	P1000219.JPG	/mnt/1tb/wppa-source/album-128/P1000219.JPG	"/mnt/1tb/onedrive/Pictures/Other Photos/1964 - 2015 Original Photos/2012-13 Originals/P1000219.JPG"	90943	2563072
3080	2012	P1000222.JPG	/mnt/1tb/wppa-source/album-128/P1000222.JPG	"/mnt/1tb/onedrive/Pictures/Other Photos/1964 - 2015 Original Photos/2012-13 Originals/P1000222.JPG"	373918	4956160
3081	2012	P1000225.JPG	/mnt/1tb/wppa-source/album-128/P1000225.JPG	"/mnt/1tb/onedrive/Pictures/Other Photos/1964 - 2015 Original Photos/2012-13 Originals/P1000225.JPG"	660567	5006848
3082	2012	P1000226.JPG	/mnt/1tb/wppa-source/album-128/P1000226.JPG	"/mnt/1tb/onedrive/Pictures/Other Photos/1964 - 2015 Original Photos/2012-13 Originals/P1000226.JPG"	398329	4621312
3083	2013	P1010328.JPG	/mnt/1tb/wppa-source/album-129/P1010328.JPG	"/mnt/1tb/onedrive/Pictures/Other Photos/1964 - 2015 Original Photos/2012-13 Originals/P1010328.JPG"	318314	4081664
3084	2013	P1010433.JPG	/mnt/1tb/wppa-source/album-129/P1010433.JPG	"/mnt/1tb/onedrive/Pictures/Other Photos/1964 - 2015 Original Photos/2013-14 Originals/P1010433.JPG"	370939	4238848
3085	2013	P1010440.JPG	/mnt/1tb/wppa-source/album-129/P1010440.JPG	"/mnt/1tb/onedrive/Pictures/Other Photos/1964 - 2015 Original Photos/2013-14 Originals/P1010440.JPG"	195810	4033536
3086	2013	P1010441.JPG	/mnt/1tb/wppa-source/album-129/P1010441.JPG	"/mnt/1tb/onedrive/Pictures/Other Photos/1964 - 2015 Original Photos/2013-14 Originals/P1010441.JPG"	139712	3518464
3087	2013	P1010450.JPG	/mnt/1tb/wppa-source/album-129/P1010450.JPG	"/mnt/1tb/onedrive/Pictures/Other Photos/1964 - 2015 Original Photos/2013-14 Originals/P1010450.JPG"	446988	3973632
3088	2013	P1010453.JPG	/mnt/1tb/wppa-source/album-129/P1010453.JPG	"/mnt/1tb/onedrive/Pictures/Other Photos/1964 - 2015 Original Photos/2013-14 Originals/P1010453.JPG"	511991	4347392
3089	2013	P1010454.JPG	/mnt/1tb/wppa-source/album-129/P1010454.JPG	"/mnt/1tb/onedrive/Pictures/Other Photos/1964 - 2015 Original Photos/2013-14 Originals/P1010454.JPG"	206523	3853824
3090	2013	P1010457.JPG	/mnt/1tb/wppa-source/album-129/P1010457.JPG	"/mnt/1tb/onedrive/Pictures/Other Photos/1964 - 2015 Original Photos/2013-14 Originals/P1010457.JPG"	220485	3748864
3091	2013	P1010462.JPG	/mnt/1tb/wppa-source/album-129/P1010462.JPG	"/mnt/1tb/onedrive/Pictures/Other Photos/1964 - 2015 Original Photos/2013-14 Originals/P1010462.JPG"	483692	4439040
3092	2013	P1010485.JPG	/mnt/1tb/wppa-source/album-129/P1010485.JPG	"/mnt/1tb/onedrive/Pictures/Other Photos/1964 - 2015 Original Photos/2013-14 Originals/P1010485.JPG"	163900	3770368
3093	2013	P1010558.JPG	/mnt/1tb/wppa-source/album-129/P1010558.JPG	"/mnt/1tb/onedrive/Pictures/Other Photos/1964 - 2015 Original Photos/2013-14 Originals/P1010558.JPG"	484323	4334592
3094	2013	P1010559.JPG	/mnt/1tb/wppa-source/album-129/P1010559.JPG	"/mnt/1tb/onedrive/Pictures/Other Photos/1964 - 2015 Original Photos/2013-14 Originals/P1010559.JPG"	804157	4041728
3095	2013	PHOTO_20130927_184416.jpg	/mnt/1tb/wppa-source/album-129/PHOTO_20130927_184416.jpg	"/mnt/1tb/onedrive/Pictures/Other Photos/1964 - 2015 Original Photos/2013-14 Originals/PHOTO_20130927_184416.jpg"	247333	589485
3096	2013	PHOTO_20130927_190723.jpg	/mnt/1tb/wppa-source/album-129/PHOTO_20130927_190723.jpg	"/mnt/1tb/onedrive/Pictures/Other Photos/1964 - 2015 Original Photos/2013-14 Originals/PHOTO_20130927_190723.jpg"	259338	510977
3099	2014	P1010755.JPG	/mnt/1tb/wppa-source/album-130/P1010755.JPG	"/mnt/1tb/onedrive/Pictures/Other Photos/1964 - 2015 Original Photos/2014 - All Other Photos/P1010755.JPG"	638498	3987456
3100	2014	P1010757.JPG	/mnt/1tb/wppa-source/album-130/P1010757.JPG	"/mnt/1tb/onedrive/Pictures/Other Photos/1964 - 2015 Original Photos/2014 - All Other Photos/P1010757.JPG"	729639	4242944
3101	2014	P1010761.JPG	/mnt/1tb/wppa-source/album-130/P1010761.JPG	"/mnt/1tb/onedrive/Pictures/Other Photos/1964 - 2015 Original Photos/2014 - All Other Photos/P1010761.JPG"	222051	3951616
3102	2014	P1010764.JPG	/mnt/1tb/wppa-source/album-130/P1010764.JPG	"/mnt/1tb/onedrive/Pictures/Other Photos/1964 - 2015 Original Photos/2014 - All Other Photos/P1010764.JPG"	249643	4118528
3103	2014	P1010766.JPG	/mnt/1tb/wppa-source/album-130/P1010766.JPG	"/mnt/1tb/onedrive/Pictures/Other Photos/1964 - 2015 Original Photos/2014 - All Other Photos/P1010766.JPG"	192860	2864640
3104	2014	P1010772.JPG	/mnt/1tb/wppa-source/album-130/P1010772.JPG	"/mnt/1tb/onedrive/Pictures/Other Photos/1964 - 2015 Original Photos/2014 - All Other Photos/P1010772.JPG"	228848	3565056
3105	2014	P1010791.JPG	/mnt/1tb/wppa-source/album-130/P1010791.JPG	"/mnt/1tb/onedrive/Pictures/Other Photos/1964 - 2015 Original Photos/2014 - All Other Photos/P1010791.JPG"	193156	3601408
3106	2014	P1030003.JPG	/mnt/1tb/wppa-source/album-130/P1030003.JPG	"/mnt/1tb/onedrive/Pictures/Other Photos/1964 - 2015 Original Photos/2015 - All Photos/P1030003.JPG"	136096	135884
3107	2014	PHOTO_20140112_132710.jpg	/mnt/1tb/wppa-source/album-130/PHOTO_20140112_132710.jpg	"/mnt/1tb/onedrive/Pictures/Other Photos/1964 - 2015 Original Photos/2013-14 Originals/PHOTO_20140112_132710.jpg"	528245	1346843
3108	2014	PHOTO_20140131_180403.jpg	/mnt/1tb/wppa-source/album-130/PHOTO_20140131_180403.jpg	"/mnt/1tb/onedrive/Pictures/Other Photos/1964 - 2015 Original Photos/2013-14 Originals/PHOTO_20140131_180403.jpg"	356582	1021242
3193	"2014 Bogong Circuit Walk"	P1020900.JPG	/mnt/1tb/wppa-source/album-134/P1020900.JPG	"/mnt/1tb/onedrive/Pictures/Other Photos/1964 - 2015 Original Photos/2014 - All Other Photos/P1020900.JPG"	768677	4388352
3194	"2014 Bogong Circuit Walk"	P1020908.JPG	/mnt/1tb/wppa-source/album-134/P1020908.JPG	"/mnt/1tb/onedrive/Pictures/Other Photos/1964 - 2015 Original Photos/2014 - All Other Photos/P1020908.JPG"	1092302	4381184
3195	"2014 Bogong Circuit Walk"	P1020916.JPG	/mnt/1tb/wppa-source/album-134/P1020916.JPG	"/mnt/1tb/onedrive/Pictures/Other Photos/1964 - 2015 Original Photos/2014 - All Other Photos/P1020916.JPG"	995220	4379136
3196	"2014 Bogong Circuit Walk"	P1020917.JPG	/mnt/1tb/wppa-source/album-134/P1020917.JPG	"/mnt/1tb/onedrive/Pictures/Other Photos/1964 - 2015 Original Photos/2014 - All Other Photos/P1020917.JPG"	717772	4199424
3197	"2014 Bogong Circuit Walk"	P1020921.JPG	/mnt/1tb/wppa-source/album-134/P1020921.JPG	"/mnt/1tb/onedrive/Pictures/Other Photos/1964 - 2015 Original Photos/2014 - All Other Photos/P1020921.JPG"	1031380	4257280
3198	"2014 Bogong Circuit Walk"	P1020925.JPG	/mnt/1tb/wppa-source/album-134/P1020925.JPG	"/mnt/1tb/onedrive/Pictures/Other Photos/1964 - 2015 Original Photos/2014 - All Other Photos/P1020925.JPG"	854949	4174336
3199	"2014 Bogong Circuit Walk"	P1020933.JPG	/mnt/1tb/wppa-source/album-134/P1020933.JPG	"/mnt/1tb/onedrive/Pictures/Other Photos/1964 - 2015 Original Photos/2014 - All Other Photos/P1020933.JPG"	890619	4174336
3200	"2014 Bogong Circuit Walk"	P1020945.JPG	/mnt/1tb/wppa-source/album-134/P1020945.JPG	"/mnt/1tb/onedrive/Pictures/Other Photos/1964 - 2015 Original Photos/2014 - All Other Photos/P1020945.JPG"	277583	4033024
3201	"2014 Bogong Circuit Walk"	P1020947.JPG	/mnt/1tb/wppa-source/album-134/P1020947.JPG	"/mnt/1tb/onedrive/Pictures/Other Photos/1964 - 2015 Original Photos/2014 - All Other Photos/P1020947.JPG"	328968	4146688
3202	"2014 Bogong Circuit Walk"	P1020956.JPG	/mnt/1tb/wppa-source/album-134/P1020956.JPG	"/mnt/1tb/onedrive/Pictures/Other Photos/1964 - 2015 Original Photos/2014 - All Other Photos/P1020956.JPG"	794225	4261888
3203	"2014 Bogong Circuit Walk"	P1020959.JPG	/mnt/1tb/wppa-source/album-134/P1020959.JPG	"/mnt/1tb/onedrive/Pictures/Other Photos/1964 - 2015 Original Photos/2014 - All Other Photos/P1020959.JPG"	847512	4396544
3204	"2014 Bogong Circuit Walk"	P1020969.JPG	/mnt/1tb/wppa-source/album-134/P1020969.JPG	"/mnt/1tb/onedrive/Pictures/Other Photos/1964 - 2015 Original Photos/2014 - All Other Photos/P1020969.JPG"	1274489	4442112
3205	"2014 Bogong Circuit Walk"	P1020977.JPG	/mnt/1tb/wppa-source/album-134/P1020977.JPG	"/mnt/1tb/onedrive/Pictures/Other Photos/1964 - 2015 Original Photos/2014 - All Other Photos/P1020977.JPG"	916855	4260864
3206	"2014 Bogong Circuit Walk"	P1020981.JPG	/mnt/1tb/wppa-source/album-134/P1020981.JPG	"/mnt/1tb/onedrive/Pictures/Other Photos/1964 - 2015 Original Photos/2014 - All Other Photos/P1020981.JPG"	836375	4336640
3207	"2014 Bogong Circuit Walk"	P1020984.JPG	/mnt/1tb/wppa-source/album-134/P1020984.JPG	"/mnt/1tb/onedrive/Pictures/Other Photos/1964 - 2015 Original Photos/2014 - All Other Photos/P1020984.JPG"	923148	4350976
3208	"2014 Bogong Circuit Walk"	P1020991.JPG	/mnt/1tb/wppa-source/album-134/P1020991.JPG	"/mnt/1tb/onedrive/Pictures/Other Photos/1964 - 2015 Original Photos/2014 - All Other Photos/P1020991.JPG"	587334	4431360
3209	"2014 Bogong Circuit Walk"	P1020993.JPG	/mnt/1tb/wppa-source/album-134/P1020993.JPG	"/mnt/1tb/onedrive/Pictures/Other Photos/1964 - 2015 Original Photos/2014 - All Other Photos/P1020993.JPG"	534595	4497920
3212	"2014 Europe Trip"	P1010796.JPG	/mnt/1tb/wppa-source/album-136/P1010796.JPG	"/mnt/1tb/onedrive/Pictures/Other Photos/1964 - 2015 Original Photos/2014 - Thailand & Europe/P1010796.JPG"	459619	4318208
3213	"2014 Europe Trip"	P1010799.JPG	/mnt/1tb/wppa-source/album-136/P1010799.JPG	"/mnt/1tb/onedrive/Pictures/Other Photos/1964 - 2015 Original Photos/2014 - Thailand & Europe/P1010799.JPG"	572776	4306944
3214	"2014 Europe Trip"	P1010803.JPG	/mnt/1tb/wppa-source/album-136/P1010803.JPG	"/mnt/1tb/onedrive/Pictures/Other Photos/1964 - 2015 Original Photos/2014 - Thailand & Europe/P1010803.JPG"	328899	4112384
3215	"2014 Europe Trip"	P1010804.JPG	/mnt/1tb/wppa-source/album-136/P1010804.JPG	"/mnt/1tb/onedrive/Pictures/Other Photos/1964 - 2015 Original Photos/2014 - Thailand & Europe/P1010804.JPG"	604413	4371456
3216	"2014 Europe Trip"	P1010808.JPG	/mnt/1tb/wppa-source/album-136/P1010808.JPG	"/mnt/1tb/onedrive/Pictures/Other Photos/1964 - 2015 Original Photos/2014 - Thailand & Europe/P1010808.JPG"	737152	4482718
3217	"2014 Europe Trip"	P1010809.JPG	/mnt/1tb/wppa-source/album-136/P1010809.JPG	"/mnt/1tb/onedrive/Pictures/Other Photos/1964 - 2015 Original Photos/2014 - Thailand & Europe/P1010809.JPG"	338178	4189184
3218	"2014 Europe Trip"	P1010811.JPG	/mnt/1tb/wppa-source/album-136/P1010811.JPG	"/mnt/1tb/onedrive/Pictures/Other Photos/1964 - 2015 Original Photos/2014 - Thailand & Europe/P1010811.JPG"	470755	4357632
3219	"2014 Europe Trip"	P1010813.JPG	/mnt/1tb/wppa-source/album-136/P1010813.JPG	"/mnt/1tb/onedrive/Pictures/Other Photos/1964 - 2015 Original Photos/2014 - Thailand & Europe/P1010813.JPG"	698738	4589056
3220	"2014 Europe Trip"	P1010817.JPG	/mnt/1tb/wppa-source/album-136/P1010817.JPG	"/mnt/1tb/onedrive/Pictures/Other Photos/1964 - 2015 Original Photos/2014 - Thailand & Europe/P1010817.JPG"	305365	3963904
3221	"2014 Europe Trip"	P1010830.JPG	/mnt/1tb/wppa-source/album-136/P1010830.JPG	"/mnt/1tb/onedrive/Pictures/Other Photos/1964 - 2015 Original Photos/2014 - Thailand & Europe/P1010830.JPG"	265554	3853312
3222	"2014 Europe Trip"	P1010832.JPG	/mnt/1tb/wppa-source/album-136/P1010832.JPG	"/mnt/1tb/onedrive/Pictures/Other Photos/1964 - 2015 Original Photos/2014 - Thailand & Europe/P1010832.JPG"	306729	4077056
3223	"2014 Europe Trip"	P1010835.JPG	/mnt/1tb/wppa-source/album-136/P1010835.JPG	"/mnt/1tb/onedrive/Pictures/Other Photos/1964 - 2015 Original Photos/2014 - Thailand & Europe/P1010835.JPG"	229545	3711488
3224	"2014 Europe Trip"	P1010843.JPG	/mnt/1tb/wppa-source/album-136/P1010843.JPG	"/mnt/1tb/onedrive/Pictures/Other Photos/1964 - 2015 Original Photos/2014 - Thailand & Europe/P1010843.JPG"	462118	4521472
3225	"2014 Europe Trip"	P1010846.JPG	/mnt/1tb/wppa-source/album-136/P1010846.JPG	"/mnt/1tb/onedrive/Pictures/Other Photos/1964 - 2015 Original Photos/2014 - Thailand & Europe/P1010846.JPG"	679087	4068864
3226	"2014 Europe Trip"	P1010847.JPG	/mnt/1tb/wppa-source/album-136/P1010847.JPG	"/mnt/1tb/onedrive/Pictures/Other Photos/1964 - 2015 Original Photos/2014 - Thailand & Europe/P1010847.JPG"	720962	4210176
3227	"2014 Europe Trip"	P1010850.JPG	/mnt/1tb/wppa-source/album-136/P1010850.JPG	"/mnt/1tb/onedrive/Pictures/Other Photos/1964 - 2015 Original Photos/2014 - Thailand & Europe/P1010850.JPG"	310883	4137472
3228	"2014 Europe Trip"	P1010853.JPG	/mnt/1tb/wppa-source/album-136/P1010853.JPG	"/mnt/1tb/onedrive/Pictures/Other Photos/1964 - 2015 Original Photos/2014 - Thailand & Europe/P1010853.JPG"	364754	4205568
3229	"2014 Europe Trip"	P1010855.JPG	/mnt/1tb/wppa-source/album-136/P1010855.JPG	"/mnt/1tb/onedrive/Pictures/Other Photos/1964 - 2015 Original Photos/2014 - Thailand & Europe/P1010855.JPG"	426161	4292096
3230	"2014 Europe Trip"	P1010856.JPG	/mnt/1tb/wppa-source/album-136/P1010856.JPG	"/mnt/1tb/onedrive/Pictures/Other Photos/1964 - 2015 Original Photos/2014 - Thailand & Europe/P1010856.JPG"	165776	3464192
3231	"2014 Europe Trip"	P1010858.JPG	/mnt/1tb/wppa-source/album-136/P1010858.JPG	"/mnt/1tb/onedrive/Pictures/Other Photos/1964 - 2015 Original Photos/2014 - Thailand & Europe/P1010858.JPG"	770838	4187648
3232	"2014 Europe Trip"	P1010868.JPG	/mnt/1tb/wppa-source/album-136/P1010868.JPG	"/mnt/1tb/onedrive/Pictures/Other Photos/1964 - 2015 Original Photos/2014 - Thailand & Europe/P1010868.JPG"	449505	4279808
3233	"2014 Europe Trip"	P1010870.JPG	/mnt/1tb/wppa-source/album-136/P1010870.JPG	"/mnt/1tb/onedrive/Pictures/Other Photos/1964 - 2015 Original Photos/2014 - Thailand & Europe/P1010870.JPG"	270332	4158464
3234	"2014 Europe Trip"	P1010872.JPG	/mnt/1tb/wppa-source/album-136/P1010872.JPG	"/mnt/1tb/onedrive/Pictures/Other Photos/1964 - 2015 Original Photos/2014 - Thailand & Europe/P1010872.JPG"	121381	3077120
3235	"2014 Europe Trip"	P1010881.JPG	/mnt/1tb/wppa-source/album-136/P1010881.JPG	"/mnt/1tb/onedrive/Pictures/Other Photos/1964 - 2015 Original Photos/2014 - Thailand & Europe/P1010881.JPG"	286737	4276224
3236	"2014 Europe Trip"	P1010882.JPG	/mnt/1tb/wppa-source/album-136/P1010882.JPG	"/mnt/1tb/onedrive/Pictures/Other Photos/1964 - 2015 Original Photos/2014 - Thailand & Europe/P1010882.JPG"	297568	4237824
3237	"2014 Europe Trip"	P1010890.JPG	/mnt/1tb/wppa-source/album-136/P1010890.JPG	"/mnt/1tb/onedrive/Pictures/Other Photos/1964 - 2015 Original Photos/2014 - Thailand & Europe/P1010890.JPG"	260026	4218368
3238	"2014 Europe Trip"	P1010895.JPG	/mnt/1tb/wppa-source/album-136/P1010895.JPG	"/mnt/1tb/onedrive/Pictures/Other Photos/1964 - 2015 Original Photos/2014 - Thailand & Europe/P1010895.JPG"	475625	4329984
3239	"2014 Europe Trip"	P1010897.JPG	/mnt/1tb/wppa-source/album-136/P1010897.JPG	"/mnt/1tb/onedrive/Pictures/Other Photos/1964 - 2015 Original Photos/2014 - Thailand & Europe/P1010897.JPG"	486207	4398592
3240	"2014 Europe Trip"	P1010914.JPG	/mnt/1tb/wppa-source/album-136/P1010914.JPG	"/mnt/1tb/onedrive/Pictures/Other Photos/1964 - 2015 Original Photos/2014 - Thailand & Europe/P1010914.JPG"	840900	4149760
3241	"2014 Europe Trip"	P1010916.JPG	/mnt/1tb/wppa-source/album-136/P1010916.JPG	"/mnt/1tb/onedrive/Pictures/Other Photos/1964 - 2015 Original Photos/2014 - Thailand & Europe/P1010916.JPG"	562657	4386816
3242	"2014 Europe Trip"	P1010918.JPG	/mnt/1tb/wppa-source/album-136/P1010918.JPG	"/mnt/1tb/onedrive/Pictures/Other Photos/1964 - 2015 Original Photos/2014 - Thailand & Europe/P1010918.JPG"	888450	4223488
3243	"2014 Europe Trip"	P1010928.JPG	/mnt/1tb/wppa-source/album-136/P1010928.JPG	"/mnt/1tb/onedrive/Pictures/Other Photos/1964 - 2015 Original Photos/2014 - Thailand & Europe/P1010928.JPG"	312837	4122112
3244	"2014 Europe Trip"	P1010929.JPG	/mnt/1tb/wppa-source/album-136/P1010929.JPG	"/mnt/1tb/onedrive/Pictures/Other Photos/1964 - 2015 Original Photos/2014 - Thailand & Europe/P1010929.JPG"	444143	4312576
3245	"2014 Europe Trip"	P1010932.JPG	/mnt/1tb/wppa-source/album-136/P1010932.JPG	"/mnt/1tb/onedrive/Pictures/Other Photos/1964 - 2015 Original Photos/2014 - Thailand & Europe/P1010932.JPG"	132698	3300864
3246	"2014 Europe Trip"	P1010936.JPG	/mnt/1tb/wppa-source/album-136/P1010936.JPG	"/mnt/1tb/onedrive/Pictures/Other Photos/1964 - 2015 Original Photos/2014 - Thailand & Europe/P1010936.JPG"	367401	4280832
3247	"2014 Europe Trip"	P1010937.JPG	/mnt/1tb/wppa-source/album-136/P1010937.JPG	"/mnt/1tb/onedrive/Pictures/Other Photos/1964 - 2015 Original Photos/2014 - Thailand & Europe/P1010937.JPG"	362452	4189184
3248	"2014 Europe Trip"	P1010939.JPG	/mnt/1tb/wppa-source/album-136/P1010939.JPG	"/mnt/1tb/onedrive/Pictures/Other Photos/1964 - 2015 Original Photos/2014 - Thailand & Europe/P1010939.JPG"	341310	4118016
3249	"2014 Europe Trip"	P1010944.JPG	/mnt/1tb/wppa-source/album-136/P1010944.JPG	"/mnt/1tb/onedrive/Pictures/Other Photos/1964 - 2015 Original Photos/2014 - Thailand & Europe/P1010944.JPG"	170510	3791360
3250	"2014 Europe Trip"	P1010948.JPG	/mnt/1tb/wppa-source/album-136/P1010948.JPG	"/mnt/1tb/onedrive/Pictures/Other Photos/1964 - 2015 Original Photos/2014 - Thailand & Europe/P1010948.JPG"	184045	3314176
3251	"2014 Europe Trip"	P1010950.JPG	/mnt/1tb/wppa-source/album-136/P1010950.JPG	"/mnt/1tb/onedrive/Pictures/Other Photos/1964 - 2015 Original Photos/2014 - Thailand & Europe/P1010950.JPG"	170080	3589632
3252	"2014 Europe Trip"	P1010967.JPG	/mnt/1tb/wppa-source/album-136/P1010967.JPG	"/mnt/1tb/onedrive/Pictures/Other Photos/1964 - 2015 Original Photos/2014 - Thailand & Europe/P1010967.JPG"	820125	4324864
3253	"2014 Europe Trip"	P1010968.JPG	/mnt/1tb/wppa-source/album-136/P1010968.JPG	"/mnt/1tb/onedrive/Pictures/Other Photos/1964 - 2015 Original Photos/2014 - Thailand & Europe/P1010968.JPG"	934873	4208640
3254	"2014 Europe Trip"	P1010982.JPG	/mnt/1tb/wppa-source/album-136/P1010982.JPG	"/mnt/1tb/onedrive/Pictures/Other Photos/1964 - 2015 Original Photos/2014 - Thailand & Europe/P1010982.JPG"	333067	4259840
3255	"2014 Europe Trip"	P1010990.JPG	/mnt/1tb/wppa-source/album-136/P1010990.JPG	"/mnt/1tb/onedrive/Pictures/Other Photos/1964 - 2015 Original Photos/2014 - Thailand & Europe/P1010990.JPG"	462322	4024320
3256	"2014 Europe Trip"	P1010992.JPG	/mnt/1tb/wppa-source/album-136/P1010992.JPG	"/mnt/1tb/onedrive/Pictures/Other Photos/1964 - 2015 Original Photos/2014 - Thailand & Europe/P1010992.JPG"	586098	4350976
3257	"2014 Europe Trip"	P1020013.JPG	/mnt/1tb/wppa-source/album-136/P1020013.JPG	"/mnt/1tb/onedrive/Pictures/Other Photos/1964 - 2015 Original Photos/2014 - Thailand & Europe/P1020013.JPG"	755528	4268032
3258	"2014 Europe Trip"	P1020017.JPG	/mnt/1tb/wppa-source/album-136/P1020017.JPG	"/mnt/1tb/onedrive/Pictures/Other Photos/1964 - 2015 Original Photos/2014 - Thailand & Europe/P1020017.JPG"	304171	4219904
3259	"2014 Europe Trip"	P1020018.JPG	/mnt/1tb/wppa-source/album-136/P1020018.JPG	"/mnt/1tb/onedrive/Pictures/Other Photos/1964 - 2015 Original Photos/2014 - Thailand & Europe/P1020018.JPG"	304837	4035072
3260	"2014 Europe Trip"	P1020021.JPG	/mnt/1tb/wppa-source/album-136/P1020021.JPG	"/mnt/1tb/onedrive/Pictures/Other Photos/1964 - 2015 Original Photos/2014 - Thailand & Europe/P1020021.JPG"	341902	4315648
3261	"2014 Europe Trip"	P1020025.JPG	/mnt/1tb/wppa-source/album-136/P1020025.JPG	"/mnt/1tb/onedrive/Pictures/Other Photos/1964 - 2015 Original Photos/2014 - Thailand & Europe/P1020025.JPG"	253712	4008960
3262	"2014 Europe Trip"	P1020028.JPG	/mnt/1tb/wppa-source/album-136/P1020028.JPG	"/mnt/1tb/onedrive/Pictures/Other Photos/1964 - 2015 Original Photos/2014 - Thailand & Europe/P1020028.JPG"	376373	4338688
3263	"2014 Europe Trip"	P1020030.JPG	/mnt/1tb/wppa-source/album-136/P1020030.JPG	"/mnt/1tb/onedrive/Pictures/Other Photos/1964 - 2015 Original Photos/2014 - Thailand & Europe/P1020030.JPG"	430172	4333056
3264	"2014 Europe Trip"	P1020035.JPG	/mnt/1tb/wppa-source/album-136/P1020035.JPG	"/mnt/1tb/onedrive/Pictures/Other Photos/1964 - 2015 Original Photos/2014 - Thailand & Europe/P1020035.JPG"	335577	4123136
3265	"2014 Europe Trip"	P1020039.JPG	/mnt/1tb/wppa-source/album-136/P1020039.JPG	"/mnt/1tb/onedrive/Pictures/Other Photos/1964 - 2015 Original Photos/2014 - Thailand & Europe/P1020039.JPG"	785723	4292608
3266	"2014 Europe Trip"	P1020040.JPG	/mnt/1tb/wppa-source/album-136/P1020040.JPG	"/mnt/1tb/onedrive/Pictures/Other Photos/1964 - 2015 Original Photos/2014 - Thailand & Europe/P1020040.JPG"	472205	4128768
3267	"2014 Europe Trip"	P1020051.JPG	/mnt/1tb/wppa-source/album-136/P1020051.JPG	"/mnt/1tb/onedrive/Pictures/Other Photos/1964 - 2015 Original Photos/2014 - Thailand & Europe/P1020051.JPG"	191200	3243520
3268	"2014 Europe Trip"	P1020063.JPG	/mnt/1tb/wppa-source/album-136/P1020063.JPG	"/mnt/1tb/onedrive/Pictures/Other Photos/1964 - 2015 Original Photos/2014 - Thailand & Europe/P1020063.JPG"	402476	4129280
3269	"2014 Europe Trip"	P1020064.JPG	/mnt/1tb/wppa-source/album-136/P1020064.JPG	"/mnt/1tb/onedrive/Pictures/Other Photos/1964 - 2015 Original Photos/2014 - Thailand & Europe/P1020064.JPG"	429634	4266496
3270	"2014 Europe Trip"	P1020078.JPG	/mnt/1tb/wppa-source/album-136/P1020078.JPG	"/mnt/1tb/onedrive/Pictures/Other Photos/1964 - 2015 Original Photos/2014 - Thailand & Europe/P1020078.JPG"	572744	4466688
3271	"2014 Europe Trip"	P1020086.JPG	/mnt/1tb/wppa-source/album-136/P1020086.JPG	"/mnt/1tb/onedrive/Pictures/Other Photos/1964 - 2015 Original Photos/2014 - Thailand & Europe/P1020086.JPG"	414125	4259840
3272	"2014 Europe Trip"	P1020088.JPG	/mnt/1tb/wppa-source/album-136/P1020088.JPG	"/mnt/1tb/onedrive/Pictures/Other Photos/1964 - 2015 Original Photos/2014 - Thailand & Europe/P1020088.JPG"	483830	4418048
3273	"2014 Europe Trip"	P1020094.JPG	/mnt/1tb/wppa-source/album-136/P1020094.JPG	"/mnt/1tb/onedrive/Pictures/Other Photos/1964 - 2015 Original Photos/2014 - Thailand & Europe/P1020094.JPG"	802493	4432896
3274	"2014 Europe Trip"	P1020095.JPG	/mnt/1tb/wppa-source/album-136/P1020095.JPG	"/mnt/1tb/onedrive/Pictures/Other Photos/1964 - 2015 Original Photos/2014 - Thailand & Europe/P1020095.JPG"	666798	4626432
3275	"2014 Europe Trip"	P1020105.JPG	/mnt/1tb/wppa-source/album-136/P1020105.JPG	"/mnt/1tb/onedrive/Pictures/Other Photos/1964 - 2015 Original Photos/2014 - Thailand & Europe/P1020105.JPG"	312049	4168704
3276	"2014 Europe Trip"	P1020107.JPG	/mnt/1tb/wppa-source/album-136/P1020107.JPG	"/mnt/1tb/onedrive/Pictures/Other Photos/1964 - 2015 Original Photos/2014 - Thailand & Europe/P1020107.JPG"	201973	3387392
3277	"2014 Europe Trip"	P1020109.JPG	/mnt/1tb/wppa-source/album-136/P1020109.JPG	"/mnt/1tb/onedrive/Pictures/Other Photos/1964 - 2015 Original Photos/2014 - Thailand & Europe/P1020109.JPG"	223085	4097024
3278	"2014 Europe Trip"	P1020110.JPG	/mnt/1tb/wppa-source/album-136/P1020110.JPG	"/mnt/1tb/onedrive/Pictures/Other Photos/1964 - 2015 Original Photos/2014 - Thailand & Europe/P1020110.JPG"	601314	4381696
3279	"2014 Europe Trip"	P1020112.JPG	/mnt/1tb/wppa-source/album-136/P1020112.JPG	"/mnt/1tb/onedrive/Pictures/Other Photos/1964 - 2015 Original Photos/2014 - Thailand & Europe/P1020112.JPG"	552566	4268544
3280	"2014 Europe Trip"	P1020119.JPG	/mnt/1tb/wppa-source/album-136/P1020119.JPG	"/mnt/1tb/onedrive/Pictures/Other Photos/1964 - 2015 Original Photos/2014 - Thailand & Europe/P1020119.JPG"	293309	4085248
3281	"2014 Europe Trip"	P1020122.JPG	/mnt/1tb/wppa-source/album-136/P1020122.JPG	"/mnt/1tb/onedrive/Pictures/Other Photos/1964 - 2015 Original Photos/2014 - Thailand & Europe/P1020122.JPG"	292895	4019712
3282	"2014 Europe Trip"	P1020123.JPG	/mnt/1tb/wppa-source/album-136/P1020123.JPG	"/mnt/1tb/onedrive/Pictures/Other Photos/1964 - 2015 Original Photos/2014 - Thailand & Europe/P1020123.JPG"	679620	4046336
3283	"2014 Europe Trip"	P1020128.JPG	/mnt/1tb/wppa-source/album-136/P1020128.JPG	"/mnt/1tb/onedrive/Pictures/Other Photos/1964 - 2015 Original Photos/2014 - Thailand & Europe/P1020128.JPG"	261553	4184576
3284	"2014 Europe Trip"	P1020131.JPG	/mnt/1tb/wppa-source/album-136/P1020131.JPG	"/mnt/1tb/onedrive/Pictures/Other Photos/1964 - 2015 Original Photos/2014 - Thailand & Europe/P1020131.JPG"	380459	4382720
3285	"2014 Europe Trip"	P1020133.JPG	/mnt/1tb/wppa-source/album-136/P1020133.JPG	"/mnt/1tb/onedrive/Pictures/Other Photos/1964 - 2015 Original Photos/2014 - Thailand & Europe/P1020133.JPG"	211048	4022784
3286	"2014 Europe Trip"	P1020134.JPG	/mnt/1tb/wppa-source/album-136/P1020134.JPG	"/mnt/1tb/onedrive/Pictures/Other Photos/1964 - 2015 Original Photos/2014 - Thailand & Europe/P1020134.JPG"	467499	4133376
3287	"2014 Europe Trip"	P1020146.JPG	/mnt/1tb/wppa-source/album-136/P1020146.JPG	"/mnt/1tb/onedrive/Pictures/Other Photos/1964 - 2015 Original Photos/2014 - Thailand & Europe/P1020146.JPG"	795449	4339200
3288	"2014 Europe Trip"	P1020150.JPG	/mnt/1tb/wppa-source/album-136/P1020150.JPG	"/mnt/1tb/onedrive/Pictures/Other Photos/1964 - 2015 Original Photos/2014 - Thailand & Europe/P1020150.JPG"	337701	4040192
3289	"2014 Europe Trip"	P1020152.JPG	/mnt/1tb/wppa-source/album-136/P1020152.JPG	"/mnt/1tb/onedrive/Pictures/Other Photos/1964 - 2015 Original Photos/2014 - Thailand & Europe/P1020152.JPG"	719567	4145152
3290	"2014 Europe Trip"	P1020165.JPG	/mnt/1tb/wppa-source/album-136/P1020165.JPG	"/mnt/1tb/onedrive/Pictures/Other Photos/1964 - 2015 Original Photos/2014 - Thailand & Europe/P1020165.JPG"	354752	4060160
3291	"2014 Europe Trip"	P1020169.JPG	/mnt/1tb/wppa-source/album-136/P1020169.JPG	"/mnt/1tb/onedrive/Pictures/Other Photos/1964 - 2015 Original Photos/2014 - Thailand & Europe/P1020169.JPG"	229792	4034560
3292	"2014 Europe Trip"	P1020182.JPG	/mnt/1tb/wppa-source/album-136/P1020182.JPG	"/mnt/1tb/onedrive/Pictures/Other Photos/1964 - 2015 Original Photos/2014 - Thailand & Europe/P1020182.JPG"	368235	4158464
3293	"2014 Europe Trip"	P1020188.JPG	/mnt/1tb/wppa-source/album-136/P1020188.JPG	"/mnt/1tb/onedrive/Pictures/Other Photos/1964 - 2015 Original Photos/2014 - Thailand & Europe/P1020188.JPG"	613682	4390400
3294	"2014 Europe Trip"	P1020197.JPG	/mnt/1tb/wppa-source/album-136/P1020197.JPG	"/mnt/1tb/onedrive/Pictures/Other Photos/1964 - 2015 Original Photos/2014 - Thailand & Europe/P1020197.JPG"	273891	3943936
3295	"2014 Europe Trip"	P1020202.JPG	/mnt/1tb/wppa-source/album-136/P1020202.JPG	"/mnt/1tb/onedrive/Pictures/Other Photos/1964 - 2015 Original Photos/2014 - Thailand & Europe/P1020202.JPG"	755630	4287488
3296	"2014 Europe Trip"	P1020204.JPG	/mnt/1tb/wppa-source/album-136/P1020204.JPG	"/mnt/1tb/onedrive/Pictures/Other Photos/1964 - 2015 Original Photos/2014 - Thailand & Europe/P1020204.JPG"	544585	4456960
3297	"2014 Europe Trip"	P1020210.JPG	/mnt/1tb/wppa-source/album-136/P1020210.JPG	"/mnt/1tb/onedrive/Pictures/Other Photos/1964 - 2015 Original Photos/2014 - Thailand & Europe/P1020210.JPG"	174461	3611648
3298	"2014 Europe Trip"	P1020217.JPG	/mnt/1tb/wppa-source/album-136/P1020217.JPG	"/mnt/1tb/onedrive/Pictures/Other Photos/1964 - 2015 Original Photos/2014 - Thailand & Europe/P1020217.JPG"	642670	4328960
3299	"2014 Europe Trip"	P1020225.JPG	/mnt/1tb/wppa-source/album-136/P1020225.JPG	"/mnt/1tb/onedrive/Pictures/Other Photos/1964 - 2015 Original Photos/2014 - Thailand & Europe/P1020225.JPG"	294447	4019712
3300	"2014 Europe Trip"	P1020231.JPG	/mnt/1tb/wppa-source/album-136/P1020231.JPG	"/mnt/1tb/onedrive/Pictures/Other Photos/1964 - 2015 Original Photos/2014 - Thailand & Europe/P1020231.JPG"	607886	4467712
3301	"2014 Europe Trip"	P1020236.JPG	/mnt/1tb/wppa-source/album-136/P1020236.JPG	"/mnt/1tb/onedrive/Pictures/Other Photos/1964 - 2015 Original Photos/2014 - Thailand & Europe/P1020236.JPG"	613353	4496384
3302	"2014 Europe Trip"	P1020241.JPG	/mnt/1tb/wppa-source/album-136/P1020241.JPG	"/mnt/1tb/onedrive/Pictures/Other Photos/1964 - 2015 Original Photos/2014 - Thailand & Europe/P1020241.JPG"	444586	4353024
3303	"2014 Europe Trip"	P1020243.JPG	/mnt/1tb/wppa-source/album-136/P1020243.JPG	"/mnt/1tb/onedrive/Pictures/Other Photos/1964 - 2015 Original Photos/2014 - Thailand & Europe/P1020243.JPG"	560223	4235776
3304	"2014 Europe Trip"	P1020244.JPG	/mnt/1tb/wppa-source/album-136/P1020244.JPG	"/mnt/1tb/onedrive/Pictures/Other Photos/1964 - 2015 Original Photos/2014 - Thailand & Europe/P1020244.JPG"	525389	4122624
3305	"2014 Europe Trip"	P1020245.JPG	/mnt/1tb/wppa-source/album-136/P1020245.JPG	"/mnt/1tb/onedrive/Pictures/Other Photos/1964 - 2015 Original Photos/2014 - Thailand & Europe/P1020245.JPG"	556758	4229632
3306	"2014 Europe Trip"	P1020247.JPG	/mnt/1tb/wppa-source/album-136/P1020247.JPG	"/mnt/1tb/onedrive/Pictures/Other Photos/1964 - 2015 Original Photos/2014 - Thailand & Europe/P1020247.JPG"	592729	4432896
3307	"2014 Europe Trip"	P1020250.JPG	/mnt/1tb/wppa-source/album-136/P1020250.JPG	"/mnt/1tb/onedrive/Pictures/Other Photos/1964 - 2015 Original Photos/2014 - Thailand & Europe/P1020250.JPG"	684959	4029952
3308	"2014 Europe Trip"	P1020251.JPG	/mnt/1tb/wppa-source/album-136/P1020251.JPG	"/mnt/1tb/onedrive/Pictures/Other Photos/1964 - 2015 Original Photos/2014 - Thailand & Europe/P1020251.JPG"	202450	3737088
3309	"2014 Europe Trip"	P1020252.JPG	/mnt/1tb/wppa-source/album-136/P1020252.JPG	"/mnt/1tb/onedrive/Pictures/Other Photos/1964 - 2015 Original Photos/2014 - Thailand & Europe/P1020252.JPG"	485617	4342272
3310	"2014 Europe Trip"	P1020255.JPG	/mnt/1tb/wppa-source/album-136/P1020255.JPG	"/mnt/1tb/onedrive/Pictures/Other Photos/1964 - 2015 Original Photos/2014 - Thailand & Europe/P1020255.JPG"	897894	4161024
3311	"2014 Europe Trip"	P1020273.JPG	/mnt/1tb/wppa-source/album-136/P1020273.JPG	"/mnt/1tb/onedrive/Pictures/Other Photos/1964 - 2015 Original Photos/2014 - Thailand & Europe/P1020273.JPG"	578339	4312576
3312	"2014 Europe Trip"	P1020276.JPG	/mnt/1tb/wppa-source/album-136/P1020276.JPG	"/mnt/1tb/onedrive/Pictures/Other Photos/1964 - 2015 Original Photos/2014 - Thailand & Europe/P1020276.JPG"	302122	4089856
3313	"2014 Europe Trip"	P1020283.JPG	/mnt/1tb/wppa-source/album-136/P1020283.JPG	"/mnt/1tb/onedrive/Pictures/Other Photos/1964 - 2015 Original Photos/2014 - Thailand & Europe/P1020283.JPG"	831544	4376576
3314	"2014 Europe Trip"	P1020286.JPG	/mnt/1tb/wppa-source/album-136/P1020286.JPG	"/mnt/1tb/onedrive/Pictures/Other Photos/1964 - 2015 Original Photos/2014 - Thailand & Europe/P1020286.JPG"	287322	4146688
3315	"2014 Europe Trip"	P1020288.JPG	/mnt/1tb/wppa-source/album-136/P1020288.JPG	"/mnt/1tb/onedrive/Pictures/Other Photos/1964 - 2015 Original Photos/2014 - Thailand & Europe/P1020288.JPG"	701762	4182016
3316	"2014 Europe Trip"	P1020289.JPG	/mnt/1tb/wppa-source/album-136/P1020289.JPG	"/mnt/1tb/onedrive/Pictures/Other Photos/1964 - 2015 Original Photos/2014 - Thailand & Europe/P1020289.JPG"	822790	4309504
3317	"2014 Europe Trip"	P1020303.JPG	/mnt/1tb/wppa-source/album-136/P1020303.JPG	"/mnt/1tb/onedrive/Pictures/Other Photos/1964 - 2015 Original Photos/2014 - Thailand & Europe/P1020303.JPG"	544849	4194816
3318	"2014 Europe Trip"	P1020304.JPG	/mnt/1tb/wppa-source/album-136/P1020304.JPG	"/mnt/1tb/onedrive/Pictures/Other Photos/1964 - 2015 Original Photos/2014 - Thailand & Europe/P1020304.JPG"	643138	4324352
3319	"2014 Europe Trip"	P1020308.JPG	/mnt/1tb/wppa-source/album-136/P1020308.JPG	"/mnt/1tb/onedrive/Pictures/Other Photos/1964 - 2015 Original Photos/2014 - Thailand & Europe/P1020308.JPG"	559742	4299776
3320	"2014 Europe Trip"	P1020321.JPG	/mnt/1tb/wppa-source/album-136/P1020321.JPG	"/mnt/1tb/onedrive/Pictures/Other Photos/1964 - 2015 Original Photos/2014 - Thailand & Europe/P1020321.JPG"	484480	4320768
3321	"2014 Europe Trip"	P1020328.JPG	/mnt/1tb/wppa-source/album-136/P1020328.JPG	"/mnt/1tb/onedrive/Pictures/Other Photos/1964 - 2015 Original Photos/2014 - Thailand & Europe/P1020328.JPG"	657712	4389888
3322	"2014 Europe Trip"	P1020335.JPG	/mnt/1tb/wppa-source/album-136/P1020335.JPG	"/mnt/1tb/onedrive/Pictures/Other Photos/1964 - 2015 Original Photos/2014 - Thailand & Europe/P1020335.JPG"	748072	4164096
3323	"2014 Europe Trip"	P1020337.JPG	/mnt/1tb/wppa-source/album-136/P1020337.JPG	"/mnt/1tb/onedrive/Pictures/Other Photos/1964 - 2015 Original Photos/2014 - Thailand & Europe/P1020337.JPG"	230393	3846144
3324	"2014 Europe Trip"	P1020339.JPG	/mnt/1tb/wppa-source/album-136/P1020339.JPG	"/mnt/1tb/onedrive/Pictures/Other Photos/1964 - 2015 Original Photos/2014 - Thailand & Europe/P1020339.JPG"	320711	3980800
3325	"2014 Europe Trip"	P1020355.JPG	/mnt/1tb/wppa-source/album-136/P1020355.JPG	"/mnt/1tb/onedrive/Pictures/Other Photos/1964 - 2015 Original Photos/2014 - Thailand & Europe/P1020355.JPG"	109220	2408448
3326	"2014 Europe Trip"	P1020362.JPG	/mnt/1tb/wppa-source/album-136/P1020362.JPG	"/mnt/1tb/onedrive/Pictures/Other Photos/1964 - 2015 Original Photos/2014 - Thailand & Europe/P1020362.JPG"	230257	3523072
3327	"2014 Europe Trip"	P1020368.JPG	/mnt/1tb/wppa-source/album-136/P1020368.JPG	"/mnt/1tb/onedrive/Pictures/Other Photos/1964 - 2015 Original Photos/2014 - Thailand & Europe/P1020368.JPG"	479146	4020224
3328	"2014 Europe Trip"	P1020369.JPG	/mnt/1tb/wppa-source/album-136/P1020369.JPG	"/mnt/1tb/onedrive/Pictures/Other Photos/1964 - 2015 Original Photos/2014 - Thailand & Europe/P1020369.JPG"	519849	4232704
3329	"2014 Europe Trip"	P1020371.JPG	/mnt/1tb/wppa-source/album-136/P1020371.JPG	"/mnt/1tb/onedrive/Pictures/Other Photos/1964 - 2015 Original Photos/2014 - Thailand & Europe/P1020371.JPG"	497206	4125184
3330	"2014 Europe Trip"	P1020379.JPG	/mnt/1tb/wppa-source/album-136/P1020379.JPG	"/mnt/1tb/onedrive/Pictures/Other Photos/1964 - 2015 Original Photos/2014 - Thailand & Europe/P1020379.JPG"	818384	4112384
3331	"2014 Europe Trip"	P1020385.JPG	/mnt/1tb/wppa-source/album-136/P1020385.JPG	"/mnt/1tb/onedrive/Pictures/Other Photos/1964 - 2015 Original Photos/2014 - Thailand & Europe/P1020385.JPG"	748554	4097536
3332	"2014 Europe Trip"	P1020391.JPG	/mnt/1tb/wppa-source/album-136/P1020391.JPG	"/mnt/1tb/onedrive/Pictures/Other Photos/1964 - 2015 Original Photos/2014 - Thailand & Europe/P1020391.JPG"	641329	4382720
3333	"2014 Europe Trip"	P1020393.JPG	/mnt/1tb/wppa-source/album-136/P1020393.JPG	"/mnt/1tb/onedrive/Pictures/Other Photos/1964 - 2015 Original Photos/2014 - Thailand & Europe/P1020393.JPG"	464744	4320256
3334	"2014 Europe Trip"	P1020400.JPG	/mnt/1tb/wppa-source/album-136/P1020400.JPG	"/mnt/1tb/onedrive/Pictures/Other Photos/1964 - 2015 Original Photos/2014 - Thailand & Europe/P1020400.JPG"	425647	4193280
3335	"2014 Europe Trip"	P1020401.JPG	/mnt/1tb/wppa-source/album-136/P1020401.JPG	"/mnt/1tb/onedrive/Pictures/Other Photos/1964 - 2015 Original Photos/2014 - Thailand & Europe/P1020401.JPG"	885711	4224512
3336	"2014 Europe Trip"	P1020405.JPG	/mnt/1tb/wppa-source/album-136/P1020405.JPG	"/mnt/1tb/onedrive/Pictures/Other Photos/1964 - 2015 Original Photos/2014 - Thailand & Europe/P1020405.JPG"	757917	4262400
3337	"2014 Europe Trip"	P1020409.JPG	/mnt/1tb/wppa-source/album-136/P1020409.JPG	"/mnt/1tb/onedrive/Pictures/Other Photos/1964 - 2015 Original Photos/2014 - Thailand & Europe/P1020409.JPG"	378768	4061696
3338	"2014 Europe Trip"	P1020418.JPG	/mnt/1tb/wppa-source/album-136/P1020418.JPG	"/mnt/1tb/onedrive/Pictures/Other Photos/1964 - 2015 Original Photos/2014 - Thailand & Europe/P1020418.JPG"	269349	4203008
3339	"2014 Europe Trip"	P1020427.JPG	/mnt/1tb/wppa-source/album-136/P1020427.JPG	"/mnt/1tb/onedrive/Pictures/Other Photos/1964 - 2015 Original Photos/2014 - Thailand & Europe/P1020427.JPG"	667139	4062720
3340	"2014 Europe Trip"	P1020429.JPG	/mnt/1tb/wppa-source/album-136/P1020429.JPG	"/mnt/1tb/onedrive/Pictures/Other Photos/1964 - 2015 Original Photos/2014 - Thailand & Europe/P1020429.JPG"	822636	4371968
3341	"2014 Europe Trip"	P1020430.JPG	/mnt/1tb/wppa-source/album-136/P1020430.JPG	"/mnt/1tb/onedrive/Pictures/Other Photos/1964 - 2015 Original Photos/2014 - Thailand & Europe/P1020430.JPG"	1008132	4379136
3342	"2014 Europe Trip"	P1020434.JPG	/mnt/1tb/wppa-source/album-136/P1020434.JPG	"/mnt/1tb/onedrive/Pictures/Other Photos/1964 - 2015 Original Photos/2014 - Thailand & Europe/P1020434.JPG"	371668	4145152
3343	"2014 Europe Trip"	P1020437.JPG	/mnt/1tb/wppa-source/album-136/P1020437.JPG	"/mnt/1tb/onedrive/Pictures/Other Photos/1964 - 2015 Original Photos/2014 - Thailand & Europe/P1020437.JPG"	677849	4171264
3344	"2014 Europe Trip"	P1020439.JPG	/mnt/1tb/wppa-source/album-136/P1020439.JPG	"/mnt/1tb/onedrive/Pictures/Other Photos/1964 - 2015 Original Photos/2014 - Thailand & Europe/P1020439.JPG"	669324	4349952
3345	"2014 Europe Trip"	P1020448.JPG	/mnt/1tb/wppa-source/album-136/P1020448.JPG	"/mnt/1tb/onedrive/Pictures/Other Photos/1964 - 2015 Original Photos/2014 - Thailand & Europe/P1020448.JPG"	238081	3913728
3346	"2014 Europe Trip"	P1020449.JPG	/mnt/1tb/wppa-source/album-136/P1020449.JPG	"/mnt/1tb/onedrive/Pictures/Other Photos/1964 - 2015 Original Photos/2014 - Thailand & Europe/P1020449.JPG"	672210	4187136
3347	"2014 Europe Trip"	P1020453.JPG	/mnt/1tb/wppa-source/album-136/P1020453.JPG	"/mnt/1tb/onedrive/Pictures/Other Photos/1964 - 2015 Original Photos/2014 - Thailand & Europe/P1020453.JPG"	577589	4272128
3348	"2014 Europe Trip"	P1020455.JPG	/mnt/1tb/wppa-source/album-136/P1020455.JPG	"/mnt/1tb/onedrive/Pictures/Other Photos/1964 - 2015 Original Photos/2014 - Thailand & Europe/P1020455.JPG"	662902	4104704
3349	"2014 Europe Trip"	P1020459.JPG	/mnt/1tb/wppa-source/album-136/P1020459.JPG	"/mnt/1tb/onedrive/Pictures/Other Photos/1964 - 2015 Original Photos/2014 - Thailand & Europe/P1020459.JPG"	489575	4183040
3350	"2014 Europe Trip"	P1020462.JPG	/mnt/1tb/wppa-source/album-136/P1020462.JPG	"/mnt/1tb/onedrive/Pictures/Other Photos/1964 - 2015 Original Photos/2014 - Thailand & Europe/P1020462.JPG"	326973	4116992
3351	"2014 Europe Trip"	P1020467.JPG	/mnt/1tb/wppa-source/album-136/P1020467.JPG	"/mnt/1tb/onedrive/Pictures/Other Photos/1964 - 2015 Original Photos/2014 - Thailand & Europe/P1020467.JPG"	328927	4029952
3352	"2014 Europe Trip"	P1020468.JPG	/mnt/1tb/wppa-source/album-136/P1020468.JPG	"/mnt/1tb/onedrive/Pictures/Other Photos/1964 - 2015 Original Photos/2014 - Thailand & Europe/P1020468.JPG"	257896	4151808
3353	"2014 Europe Trip"	P1020469.JPG	/mnt/1tb/wppa-source/album-136/P1020469.JPG	"/mnt/1tb/onedrive/Pictures/Other Photos/1964 - 2015 Original Photos/2014 - Thailand & Europe/P1020469.JPG"	787511	4228608
3354	"2014 Europe Trip"	P1020473.JPG	/mnt/1tb/wppa-source/album-136/P1020473.JPG	"/mnt/1tb/onedrive/Pictures/Other Photos/1964 - 2015 Original Photos/2014 - Thailand & Europe/P1020473.JPG"	252900	3372544
3355	"2014 Europe Trip"	P1020477.JPG	/mnt/1tb/wppa-source/album-136/P1020477.JPG	"/mnt/1tb/onedrive/Pictures/Other Photos/1964 - 2015 Original Photos/2014 - Thailand & Europe/P1020477.JPG"	511610	4147712
3356	"2014 Europe Trip"	P1020482.JPG	/mnt/1tb/wppa-source/album-136/P1020482.JPG	"/mnt/1tb/onedrive/Pictures/Other Photos/1964 - 2015 Original Photos/2014 - Thailand & Europe/P1020482.JPG"	232194	3758592
3357	"2014 Europe Trip"	P1020483.JPG	/mnt/1tb/wppa-source/album-136/P1020483.JPG	"/mnt/1tb/onedrive/Pictures/Other Photos/1964 - 2015 Original Photos/2014 - Thailand & Europe/P1020483.JPG"	413112	4366336
3358	"2014 Europe Trip"	P1020484.JPG	/mnt/1tb/wppa-source/album-136/P1020484.JPG	"/mnt/1tb/onedrive/Pictures/Other Photos/1964 - 2015 Original Photos/2014 - Thailand & Europe/P1020484.JPG"	336223	4254208
3359	"2014 Europe Trip"	P1020490.JPG	/mnt/1tb/wppa-source/album-136/P1020490.JPG	"/mnt/1tb/onedrive/Pictures/Other Photos/1964 - 2015 Original Photos/2014 - Thailand & Europe/P1020490.JPG"	565785	4199936
3360	"2014 Europe Trip"	P1020495.JPG	/mnt/1tb/wppa-source/album-136/P1020495.JPG	"/mnt/1tb/onedrive/Pictures/Other Photos/1964 - 2015 Original Photos/2014 - Thailand & Europe/P1020495.JPG"	373692	4041728
3361	"2014 Europe Trip"	P1020496.JPG	/mnt/1tb/wppa-source/album-136/P1020496.JPG	"/mnt/1tb/onedrive/Pictures/Other Photos/1964 - 2015 Original Photos/2014 - Thailand & Europe/P1020496.JPG"	304288	4076032
3362	"2014 Europe Trip"	P1020500.JPG	/mnt/1tb/wppa-source/album-136/P1020500.JPG	"/mnt/1tb/onedrive/Pictures/Other Photos/1964 - 2015 Original Photos/2014 - Thailand & Europe/P1020500.JPG"	109295	3281920
3363	"2014 Europe Trip"	P1020503.JPG	/mnt/1tb/wppa-source/album-136/P1020503.JPG	"/mnt/1tb/onedrive/Pictures/Other Photos/1964 - 2015 Original Photos/2014 - Thailand & Europe/P1020503.JPG"	421155	4259328
3364	"2014 Europe Trip"	P1020504.JPG	/mnt/1tb/wppa-source/album-136/P1020504.JPG	"/mnt/1tb/onedrive/Pictures/Other Photos/1964 - 2015 Original Photos/2014 - Thailand & Europe/P1020504.JPG"	142214	3811328
3365	"2014 Europe Trip"	P1020512.JPG	/mnt/1tb/wppa-source/album-136/P1020512.JPG	"/mnt/1tb/onedrive/Pictures/Other Photos/1964 - 2015 Original Photos/2014 - Thailand & Europe/P1020512.JPG"	482137	4497408
3366	"2014 Europe Trip"	P1020522.JPG	/mnt/1tb/wppa-source/album-136/P1020522.JPG	"/mnt/1tb/onedrive/Pictures/Other Photos/1964 - 2015 Original Photos/2014 - Thailand & Europe/P1020522.JPG"	537545	4203008
3367	"2014 Europe Trip"	P1020529.JPG	/mnt/1tb/wppa-source/album-136/P1020529.JPG	"/mnt/1tb/onedrive/Pictures/Other Photos/1964 - 2015 Original Photos/2014 - Thailand & Europe/P1020529.JPG"	173064	3117568
3368	"2014 Europe Trip"	P1020533.JPG	/mnt/1tb/wppa-source/album-136/P1020533.JPG	"/mnt/1tb/onedrive/Pictures/Other Photos/1964 - 2015 Original Photos/2014 - Thailand & Europe/P1020533.JPG"	274886	3704320
3369	"2014 Europe Trip"	P1020534.JPG	/mnt/1tb/wppa-source/album-136/P1020534.JPG	"/mnt/1tb/onedrive/Pictures/Other Photos/1964 - 2015 Original Photos/2014 - Thailand & Europe/P1020534.JPG"	501048	4170240
3370	"2014 Europe Trip"	P1020549.JPG	/mnt/1tb/wppa-source/album-136/P1020549.JPG	"/mnt/1tb/onedrive/Pictures/Other Photos/1964 - 2015 Original Photos/2014 - Thailand & Europe/P1020549.JPG"	497109	4192256
3371	"2014 Europe Trip"	P1020555.JPG	/mnt/1tb/wppa-source/album-136/P1020555.JPG	"/mnt/1tb/onedrive/Pictures/Other Photos/1964 - 2015 Original Photos/2014 - Thailand & Europe/P1020555.JPG"	500752	4166144
3372	"2014 Europe Trip"	P1020559.JPG	/mnt/1tb/wppa-source/album-136/P1020559.JPG	"/mnt/1tb/onedrive/Pictures/Other Photos/1964 - 2015 Original Photos/2014 - Thailand & Europe/P1020559.JPG"	394816	4247040
3373	"2014 Europe Trip"	P1020563.JPG	/mnt/1tb/wppa-source/album-136/P1020563.JPG	"/mnt/1tb/onedrive/Pictures/Other Photos/1964 - 2015 Original Photos/2014 - Thailand & Europe/P1020563.JPG"	194474	3330048
3374	"2014 Europe Trip"	P1020569.JPG	/mnt/1tb/wppa-source/album-136/P1020569.JPG	"/mnt/1tb/onedrive/Pictures/Other Photos/1964 - 2015 Original Photos/2014 - Thailand & Europe/P1020569.JPG"	401398	4234240
3375	"2014 Europe Trip"	P1020570.JPG	/mnt/1tb/wppa-source/album-136/P1020570.JPG	"/mnt/1tb/onedrive/Pictures/Other Photos/1964 - 2015 Original Photos/2014 - Thailand & Europe/P1020570.JPG"	387543	4268544
3376	"2014 Europe Trip"	P1020572.JPG	/mnt/1tb/wppa-source/album-136/P1020572.JPG	"/mnt/1tb/onedrive/Pictures/Other Photos/1964 - 2015 Original Photos/2014 - Thailand & Europe/P1020572.JPG"	269174	3983360
3377	"2014 Europe Trip"	P1020573.JPG	/mnt/1tb/wppa-source/album-136/P1020573.JPG	"/mnt/1tb/onedrive/Pictures/Other Photos/1964 - 2015 Original Photos/2014 - Thailand & Europe/P1020573.JPG"	714883	4142592
3378	"2014 Europe Trip"	P1020578.JPG	/mnt/1tb/wppa-source/album-136/P1020578.JPG	"/mnt/1tb/onedrive/Pictures/Other Photos/1964 - 2015 Original Photos/2014 - Thailand & Europe/P1020578.JPG"	291081	4073472
3379	"2014 Europe Trip"	P1020581.JPG	/mnt/1tb/wppa-source/album-136/P1020581.JPG	"/mnt/1tb/onedrive/Pictures/Other Photos/1964 - 2015 Original Photos/2014 - Thailand & Europe/P1020581.JPG"	481668	4131328
3380	"2014 Europe Trip"	P1020585.JPG	/mnt/1tb/wppa-source/album-136/P1020585.JPG	"/mnt/1tb/onedrive/Pictures/Other Photos/1964 - 2015 Original Photos/2014 - Thailand & Europe/P1020585.JPG"	787799	4184064
3381	"2014 Europe Trip"	P1020597.JPG	/mnt/1tb/wppa-source/album-136/P1020597.JPG	"/mnt/1tb/onedrive/Pictures/Other Photos/1964 - 2015 Original Photos/2014 - Thailand & Europe/P1020597.JPG"	572766	4386304
3382	"2014 Europe Trip"	P1020599.JPG	/mnt/1tb/wppa-source/album-136/P1020599.JPG	"/mnt/1tb/onedrive/Pictures/Other Photos/1964 - 2015 Original Photos/2014 - Thailand & Europe/P1020599.JPG"	402497	4215808
3383	"2014 Europe Trip"	P1020601.JPG	/mnt/1tb/wppa-source/album-136/P1020601.JPG	"/mnt/1tb/onedrive/Pictures/Other Photos/1964 - 2015 Original Photos/2014 - Thailand & Europe/P1020601.JPG"	593480	4439040
3384	"2014 Europe Trip"	P1020603.JPG	/mnt/1tb/wppa-source/album-136/P1020603.JPG	"/mnt/1tb/onedrive/Pictures/Other Photos/1964 - 2015 Original Photos/2014 - Thailand & Europe/P1020603.JPG"	264707	4100608
3385	"2014 Europe Trip"	P1020604.JPG	/mnt/1tb/wppa-source/album-136/P1020604.JPG	"/mnt/1tb/onedrive/Pictures/Other Photos/1964 - 2015 Original Photos/2014 - Thailand & Europe/P1020604.JPG"	541454	4474368
3386	"2014 Europe Trip"	P1020618.JPG	/mnt/1tb/wppa-source/album-136/P1020618.JPG	"/mnt/1tb/onedrive/Pictures/Other Photos/1964 - 2015 Original Photos/2014 - Thailand & Europe/P1020618.JPG"	491560	4388864
3387	"2014 Europe Trip"	P1020624.JPG	/mnt/1tb/wppa-source/album-136/P1020624.JPG	"/mnt/1tb/onedrive/Pictures/Other Photos/1964 - 2015 Original Photos/2014 - Thailand & Europe/P1020624.JPG"	363237	4112896
3388	"2014 Europe Trip"	P1020626.JPG	/mnt/1tb/wppa-source/album-136/P1020626.JPG	"/mnt/1tb/onedrive/Pictures/Other Photos/1964 - 2015 Original Photos/2014 - Thailand & Europe/P1020626.JPG"	563039	4413440
3389	"2014 Europe Trip"	P1020627.JPG	/mnt/1tb/wppa-source/album-136/P1020627.JPG	"/mnt/1tb/onedrive/Pictures/Other Photos/1964 - 2015 Original Photos/2014 - Thailand & Europe/P1020627.JPG"	356778	4231680
3390	"2014 Europe Trip"	P1020633.JPG	/mnt/1tb/wppa-source/album-136/P1020633.JPG	"/mnt/1tb/onedrive/Pictures/Other Photos/1964 - 2015 Original Photos/2014 - Thailand & Europe/P1020633.JPG"	575788	4275200
3391	"2014 Europe Trip"	P1020636.JPG	/mnt/1tb/wppa-source/album-136/P1020636.JPG	"/mnt/1tb/onedrive/Pictures/Other Photos/1964 - 2015 Original Photos/2014 - Thailand & Europe/P1020636.JPG"	916714	4260352
3392	"2014 Europe Trip"	P1020638.JPG	/mnt/1tb/wppa-source/album-136/P1020638.JPG	"/mnt/1tb/onedrive/Pictures/Other Photos/1964 - 2015 Original Photos/2014 - Thailand & Europe/P1020638.JPG"	138159	2849280
3393	"2014 Europe Trip"	P1020643.JPG	/mnt/1tb/wppa-source/album-136/P1020643.JPG	"/mnt/1tb/onedrive/Pictures/Other Photos/1964 - 2015 Original Photos/2014 - Thailand & Europe/P1020643.JPG"	205801	3113984
3394	"2014 Europe Trip"	P1020645.JPG	/mnt/1tb/wppa-source/album-136/P1020645.JPG	"/mnt/1tb/onedrive/Pictures/Other Photos/1964 - 2015 Original Photos/2014 - Thailand & Europe/P1020645.JPG"	101499	2725888
3395	"2014 Europe Trip"	P1020648.JPG	/mnt/1tb/wppa-source/album-136/P1020648.JPG	"/mnt/1tb/onedrive/Pictures/Other Photos/1964 - 2015 Original Photos/2014 - Thailand & Europe/P1020648.JPG"	341879	4212736
3396	"2014 Europe Trip"	P1020654.JPG	/mnt/1tb/wppa-source/album-136/P1020654.JPG	"/mnt/1tb/onedrive/Pictures/Other Photos/1964 - 2015 Original Photos/2014 - Thailand & Europe/P1020654.JPG"	382521	4203520
3397	"2014 Europe Trip"	P1020655.JPG	/mnt/1tb/wppa-source/album-136/P1020655.JPG	"/mnt/1tb/onedrive/Pictures/Other Photos/1964 - 2015 Original Photos/2014 - Thailand & Europe/P1020655.JPG"	371698	4205056
3398	"2014 Europe Trip"	P1020657.JPG	/mnt/1tb/wppa-source/album-136/P1020657.JPG	"/mnt/1tb/onedrive/Pictures/Other Photos/1964 - 2015 Original Photos/2014 - Thailand & Europe/P1020657.JPG"	366709	4244480
3399	"2014 Europe Trip"	P1020659.JPG	/mnt/1tb/wppa-source/album-136/P1020659.JPG	"/mnt/1tb/onedrive/Pictures/Other Photos/1964 - 2015 Original Photos/2014 - Thailand & Europe/P1020659.JPG"	481488	4413952
3400	"2014 Europe Trip"	P1020662.JPG	/mnt/1tb/wppa-source/album-136/P1020662.JPG	"/mnt/1tb/onedrive/Pictures/Other Photos/1964 - 2015 Original Photos/2014 - Thailand & Europe/P1020662.JPG"	591552	4326912
3401	"2014 Europe Trip"	P1020664.JPG	/mnt/1tb/wppa-source/album-136/P1020664.JPG	"/mnt/1tb/onedrive/Pictures/Other Photos/1964 - 2015 Original Photos/2014 - Thailand & Europe/P1020664.JPG"	250628	3671040
3402	"2014 Europe Trip"	P1020667.JPG	/mnt/1tb/wppa-source/album-136/P1020667.JPG	"/mnt/1tb/onedrive/Pictures/Other Photos/1964 - 2015 Original Photos/2014 - Thailand & Europe/P1020667.JPG"	138680	2945024
3403	"2014 Europe Trip"	P1020669.JPG	/mnt/1tb/wppa-source/album-136/P1020669.JPG	"/mnt/1tb/onedrive/Pictures/Other Photos/1964 - 2015 Original Photos/2014 - Thailand & Europe/P1020669.JPG"	385896	4068352
3404	"2014 Europe Trip"	P1020673.JPG	/mnt/1tb/wppa-source/album-136/P1020673.JPG	"/mnt/1tb/onedrive/Pictures/Other Photos/1964 - 2015 Original Photos/2014 - Thailand & Europe/P1020673.JPG"	673005	4102656
3405	"2014 Europe Trip"	P1020680.JPG	/mnt/1tb/wppa-source/album-136/P1020680.JPG	"/mnt/1tb/onedrive/Pictures/Other Photos/1964 - 2015 Original Photos/2014 - Thailand & Europe/P1020680.JPG"	585950	4355072
3406	"2014 Europe Trip"	P1020685.JPG	/mnt/1tb/wppa-source/album-136/P1020685.JPG	"/mnt/1tb/onedrive/Pictures/Other Photos/1964 - 2015 Original Photos/2014 - Thailand & Europe/P1020685.JPG"	914429	4170240
3407	"2014 Europe Trip"	P1020696.JPG	/mnt/1tb/wppa-source/album-136/P1020696.JPG	"/mnt/1tb/onedrive/Pictures/Other Photos/1964 - 2015 Original Photos/2014 - Thailand & Europe/P1020696.JPG"	491486	4198912
3408	"2014 Europe Trip"	P1020703.JPG	/mnt/1tb/wppa-source/album-136/P1020703.JPG	"/mnt/1tb/onedrive/Pictures/Other Photos/1964 - 2015 Original Photos/2014 - Thailand & Europe/P1020703.JPG"	831712	4382720
3409	"2014 Europe Trip"	P1020705.JPG	/mnt/1tb/wppa-source/album-136/P1020705.JPG	"/mnt/1tb/onedrive/Pictures/Other Photos/1964 - 2015 Original Photos/2014 - Thailand & Europe/P1020705.JPG"	609132	3963904
3410	"2014 Europe Trip"	P1020714.JPG	/mnt/1tb/wppa-source/album-136/P1020714.JPG	"/mnt/1tb/onedrive/Pictures/Other Photos/1964 - 2015 Original Photos/2014 - Thailand & Europe/P1020714.JPG"	590309	4459520
3411	"2014 Europe Trip"	P1020719.JPG	/mnt/1tb/wppa-source/album-136/P1020719.JPG	"/mnt/1tb/onedrive/Pictures/Other Photos/1964 - 2015 Original Photos/2014 - Thailand & Europe/P1020719.JPG"	450712	4299264
3412	"2014 Europe Trip"	P1020723.JPG	/mnt/1tb/wppa-source/album-136/P1020723.JPG	"/mnt/1tb/onedrive/Pictures/Other Photos/1964 - 2015 Original Photos/2014 - Thailand & Europe/P1020723.JPG"	299705	4209152
3413	"2014 Europe Trip"	P1020725.JPG	/mnt/1tb/wppa-source/album-136/P1020725.JPG	"/mnt/1tb/onedrive/Pictures/Other Photos/1964 - 2015 Original Photos/2014 - Thailand & Europe/P1020725.JPG"	603947	4108800
3414	"2014 Europe Trip"	P1020729.JPG	/mnt/1tb/wppa-source/album-136/P1020729.JPG	"/mnt/1tb/onedrive/Pictures/Other Photos/1964 - 2015 Original Photos/2014 - Thailand & Europe/P1020729.JPG"	196475	3458560
3415	"2014 Europe Trip"	P1020731.JPG	/mnt/1tb/wppa-source/album-136/P1020731.JPG	"/mnt/1tb/onedrive/Pictures/Other Photos/1964 - 2015 Original Photos/2014 - Thailand & Europe/P1020731.JPG"	649443	4506112
3416	"2014 Europe Trip"	P1020733.JPG	/mnt/1tb/wppa-source/album-136/P1020733.JPG	"/mnt/1tb/onedrive/Pictures/Other Photos/1964 - 2015 Original Photos/2014 - Thailand & Europe/P1020733.JPG"	209298	3956736
3417	"2014 Europe Trip"	P1020734.JPG	/mnt/1tb/wppa-source/album-136/P1020734.JPG	"/mnt/1tb/onedrive/Pictures/Other Photos/1964 - 2015 Original Photos/2014 - Thailand & Europe/P1020734.JPG"	423737	4187136
3418	"2014 Europe Trip"	P1020736.JPG	/mnt/1tb/wppa-source/album-136/P1020736.JPG	"/mnt/1tb/onedrive/Pictures/Other Photos/1964 - 2015 Original Photos/2014 - Thailand & Europe/P1020736.JPG"	274362	3607040
3419	"2014 Europe Trip"	P1020740.JPG	/mnt/1tb/wppa-source/album-136/P1020740.JPG	"/mnt/1tb/onedrive/Pictures/Other Photos/1964 - 2015 Original Photos/2014 - Thailand & Europe/P1020740.JPG"	454861	4116992
3420	"2014 Europe Trip"	P1020743.JPG	/mnt/1tb/wppa-source/album-136/P1020743.JPG	"/mnt/1tb/onedrive/Pictures/Other Photos/1964 - 2015 Original Photos/2014 - Thailand & Europe/P1020743.JPG"	432570	4297216
3421	"2014 Europe Trip"	P1020749.JPG	/mnt/1tb/wppa-source/album-136/P1020749.JPG	"/mnt/1tb/onedrive/Pictures/Other Photos/1964 - 2015 Original Photos/2014 - Thailand & Europe/P1020749.JPG"	450121	4450304
3422	"2014 Europe Trip"	P1020751.JPG	/mnt/1tb/wppa-source/album-136/P1020751.JPG	"/mnt/1tb/onedrive/Pictures/Other Photos/1964 - 2015 Original Photos/2014 - Thailand & Europe/P1020751.JPG"	321421	4094976
3423	"2014 Europe Trip"	P1020759.JPG	/mnt/1tb/wppa-source/album-136/P1020759.JPG	"/mnt/1tb/onedrive/Pictures/Other Photos/1964 - 2015 Original Photos/2014 - Thailand & Europe/P1020759.JPG"	502756	4183552
3424	"2014 Europe Trip"	P1020761.JPG	/mnt/1tb/wppa-source/album-136/P1020761.JPG	"/mnt/1tb/onedrive/Pictures/Other Photos/1964 - 2015 Original Photos/2014 - Thailand & Europe/P1020761.JPG"	213185	3529728
3425	"2014 Europe Trip"	P1020762.JPG	/mnt/1tb/wppa-source/album-136/P1020762.JPG	"/mnt/1tb/onedrive/Pictures/Other Photos/1964 - 2015 Original Photos/2014 - Thailand & Europe/P1020762.JPG"	754820	4259328
3426	"2014 Europe Trip"	P1020763.JPG	/mnt/1tb/wppa-source/album-136/P1020763.JPG	"/mnt/1tb/onedrive/Pictures/Other Photos/1964 - 2015 Original Photos/2014 - Thailand & Europe/P1020763.JPG"	292294	4119552
3427	"2014 Europe Trip"	P1020767.JPG	/mnt/1tb/wppa-source/album-136/P1020767.JPG	"/mnt/1tb/onedrive/Pictures/Other Photos/1964 - 2015 Original Photos/2014 - Thailand & Europe/P1020767.JPG"	292268	4131328
3428	"2014 Europe Trip"	P1020770.JPG	/mnt/1tb/wppa-source/album-136/P1020770.JPG	"/mnt/1tb/onedrive/Pictures/Other Photos/1964 - 2015 Original Photos/2014 - Thailand & Europe/P1020770.JPG"	385507	4270080
3429	"2014 Europe Trip"	P1020775.JPG	/mnt/1tb/wppa-source/album-136/P1020775.JPG	"/mnt/1tb/onedrive/Pictures/Other Photos/1964 - 2015 Original Photos/2014 - Thailand & Europe/P1020775.JPG"	346526	4122112
3430	"2014 Europe Trip"	P1020776.JPG	/mnt/1tb/wppa-source/album-136/P1020776.JPG	"/mnt/1tb/onedrive/Pictures/Other Photos/1964 - 2015 Original Photos/2014 - Thailand & Europe/P1020776.JPG"	484804	4508160
3431	"2014 Europe Trip"	P1020777.JPG	/mnt/1tb/wppa-source/album-136/P1020777.JPG	"/mnt/1tb/onedrive/Pictures/Other Photos/1964 - 2015 Original Photos/2014 - Thailand & Europe/P1020777.JPG"	423785	4366336
3432	"2014 Europe Trip"	P1020779.JPG	/mnt/1tb/wppa-source/album-136/P1020779.JPG	"/mnt/1tb/onedrive/Pictures/Other Photos/1964 - 2015 Original Photos/2014 - Thailand & Europe/P1020779.JPG"	413272	4228096
3433	"2014 Europe Trip"	P1020784.JPG	/mnt/1tb/wppa-source/album-136/P1020784.JPG	"/mnt/1tb/onedrive/Pictures/Other Photos/1964 - 2015 Original Photos/2014 - Thailand & Europe/P1020784.JPG"	314509	4062208
3434	"2014 Europe Trip"	P1020785.JPG	/mnt/1tb/wppa-source/album-136/P1020785.JPG	"/mnt/1tb/onedrive/Pictures/Other Photos/1964 - 2015 Original Photos/2014 - Thailand & Europe/P1020785.JPG"	441878	4281344
3435	"2014 Europe Trip"	P1020787.JPG	/mnt/1tb/wppa-source/album-136/P1020787.JPG	"/mnt/1tb/onedrive/Pictures/Other Photos/1964 - 2015 Original Photos/2014 - Thailand & Europe/P1020787.JPG"	563102	4304384
3436	"2014 Europe Trip"	P1020788.JPG	/mnt/1tb/wppa-source/album-136/P1020788.JPG	"/mnt/1tb/onedrive/Pictures/Other Photos/1964 - 2015 Original Photos/2014 - Thailand & Europe/P1020788.JPG"	397824	4179968
3437	"2014 Europe Trip"	P1020789.JPG	/mnt/1tb/wppa-source/album-136/P1020789.JPG	"/mnt/1tb/onedrive/Pictures/Other Photos/1964 - 2015 Original Photos/2014 - Thailand & Europe/P1020789.JPG"	291637	4024320
3438	"2014 Europe Trip"	P1020791.JPG	/mnt/1tb/wppa-source/album-136/P1020791.JPG	"/mnt/1tb/onedrive/Pictures/Other Photos/1964 - 2015 Original Photos/2014 - Thailand & Europe/P1020791.JPG"	517547	4274688
3439	"2014 Europe Trip"	P1020792.JPG	/mnt/1tb/wppa-source/album-136/P1020792.JPG	"/mnt/1tb/onedrive/Pictures/Other Photos/1964 - 2015 Original Photos/2014 - Thailand & Europe/P1020792.JPG"	388601	4163072
3440	"2014 Europe Trip"	P1020798.JPG	/mnt/1tb/wppa-source/album-136/P1020798.JPG	"/mnt/1tb/onedrive/Pictures/Other Photos/1964 - 2015 Original Photos/2014 - Thailand & Europe/P1020798.JPG"	435208	4267008
3441	"2014 Europe Trip"	P1020816.JPG	/mnt/1tb/wppa-source/album-136/P1020816.JPG	"/mnt/1tb/onedrive/Pictures/Other Photos/1964 - 2015 Original Photos/2014 - Thailand & Europe/P1020816.JPG"	344913	4294656
3442	"2014 Europe Trip"	P1020823.JPG	/mnt/1tb/wppa-source/album-136/P1020823.JPG	"/mnt/1tb/onedrive/Pictures/Other Photos/1964 - 2015 Original Photos/2014 - Thailand & Europe/P1020823.JPG"	267235	4167680
3443	"2014 Europe Trip"	P1020825.JPG	/mnt/1tb/wppa-source/album-136/P1020825.JPG	"/mnt/1tb/onedrive/Pictures/Other Photos/1964 - 2015 Original Photos/2014 - Thailand & Europe/P1020825.JPG"	673197	4390400
3444	"2014 Europe Trip"	P1020833.JPG	/mnt/1tb/wppa-source/album-136/P1020833.JPG	"/mnt/1tb/onedrive/Pictures/Other Photos/1964 - 2015 Original Photos/2014 - Thailand & Europe/P1020833.JPG"	960932	4178432
3445	"2014 Europe Trip"	P1020834.JPG	/mnt/1tb/wppa-source/album-136/P1020834.JPG	"/mnt/1tb/onedrive/Pictures/Other Photos/1964 - 2015 Original Photos/2014 - Thailand & Europe/P1020834.JPG"	694164	4152320
3446	"2014 Europe Trip"	P1020840.JPG	/mnt/1tb/wppa-source/album-136/P1020840.JPG	"/mnt/1tb/onedrive/Pictures/Other Photos/1964 - 2015 Original Photos/2014 - Thailand & Europe/P1020840.JPG"	344736	4240384
3447	"2014 Europe Trip"	P1020843.JPG	/mnt/1tb/wppa-source/album-136/P1020843.JPG	"/mnt/1tb/onedrive/Pictures/Other Photos/1964 - 2015 Original Photos/2014 - Thailand & Europe/P1020843.JPG"	660298	4334080
3448	"2014 Europe Trip"	P1020849.JPG	/mnt/1tb/wppa-source/album-136/P1020849.JPG	"/mnt/1tb/onedrive/Pictures/Other Photos/1964 - 2015 Original Photos/2014 - Thailand & Europe/P1020849.JPG"	676078	4183552
3449	"2014 Europe Trip"	P1020853.JPG	/mnt/1tb/wppa-source/album-136/P1020853.JPG	"/mnt/1tb/onedrive/Pictures/Other Photos/1964 - 2015 Original Photos/2014 - Thailand & Europe/P1020853.JPG"	324567	4132864
3450	"2014 Europe Trip"	P1020854.JPG	/mnt/1tb/wppa-source/album-136/P1020854.JPG	"/mnt/1tb/onedrive/Pictures/Other Photos/1964 - 2015 Original Photos/2014 - Thailand & Europe/P1020854.JPG"	294889	4216320
3451	"2014 Europe Trip"	P1020861.JPG	/mnt/1tb/wppa-source/album-136/P1020861.JPG	"/mnt/1tb/onedrive/Pictures/Other Photos/1964 - 2015 Original Photos/2014 - Thailand & Europe/P1020861.JPG"	610327	4502016
3452	"2014 Europe Trip"	P1020865.JPG	/mnt/1tb/wppa-source/album-136/P1020865.JPG	"/mnt/1tb/onedrive/Pictures/Other Photos/1964 - 2015 Original Photos/2014 - Thailand & Europe/P1020865.JPG"	592336	3971072
3453	"2014 Europe Trip"	P1020866.JPG	/mnt/1tb/wppa-source/album-136/P1020866.JPG	"/mnt/1tb/onedrive/Pictures/Other Photos/1964 - 2015 Original Photos/2014 - Thailand & Europe/P1020866.JPG"	424227	4407808
3454	"2014 Europe Trip"	P1020879.JPG	/mnt/1tb/wppa-source/album-136/P1020879.JPG	"/mnt/1tb/onedrive/Pictures/Other Photos/1964 - 2015 Original Photos/2014 - Thailand & Europe/P1020879.JPG"	106425	2953728
3455	"2014 Europe Trip"	P1020882.JPG	/mnt/1tb/wppa-source/album-136/P1020882.JPG	"/mnt/1tb/onedrive/Pictures/Other Photos/1964 - 2015 Original Photos/2014 - Thailand & Europe/P1020882.JPG"	470013	4315648
3456	"2014 Europe Trip"	P1020885.JPG	/mnt/1tb/wppa-source/album-136/P1020885.JPG	"/mnt/1tb/onedrive/Pictures/Other Photos/1964 - 2015 Original Photos/2014 - Thailand & Europe/P1020885.JPG"	247053	3934208
3482	"2012-13 NZ Dec 2012 - Jan 2013"	P1000424.JPG	/mnt/1tb/wppa-source/album-138/P1000424.JPG	"/mnt/1tb/onedrive/Pictures/Other Photos/1964 - 2015 Original Photos/2012-13 Originals/P1000424.JPG"	4299346	4322304
3483	"2012-13 NZ Dec 2012 - Jan 2013"	P1000425.JPG	/mnt/1tb/wppa-source/album-138/P1000425.JPG	"/mnt/1tb/onedrive/Pictures/Other Photos/1964 - 2015 Original Photos/2012-13 Originals/P1000425.JPG"	4127156	4151296
3484	"2012-13 NZ Dec 2012 - Jan 2013"	P1000426.JPG	/mnt/1tb/wppa-source/album-138/P1000426.JPG	"/mnt/1tb/onedrive/Pictures/Other Photos/1964 - 2015 Original Photos/2012-13 Originals/P1000426.JPG"	4066282	4089856
3485	"2012-13 NZ Dec 2012 - Jan 2013"	P1000427.JPG	/mnt/1tb/wppa-source/album-138/P1000427.JPG	"/mnt/1tb/onedrive/Pictures/Other Photos/1964 - 2015 Original Photos/2012-13 Originals/P1000427.JPG"	4029271	4051968
3486	"2012-13 NZ Dec 2012 - Jan 2013"	P1000429.JPG	/mnt/1tb/wppa-source/album-138/P1000429.JPG	"/mnt/1tb/onedrive/Pictures/Other Photos/1964 - 2015 Original Photos/2012-13 Originals/P1000429.JPG"	4136554	4161536
3487	"2012-13 NZ Dec 2012 - Jan 2013"	P1000433.JPG	/mnt/1tb/wppa-source/album-138/P1000433.JPG	"/mnt/1tb/onedrive/Pictures/Other Photos/1964 - 2015 Original Photos/2012-13 Originals/P1000433.JPG"	4180778	4202496
3488	"2012-13 NZ Dec 2012 - Jan 2013"	P1000435.JPG	/mnt/1tb/wppa-source/album-138/P1000435.JPG	"/mnt/1tb/onedrive/Pictures/Other Photos/1964 - 2015 Original Photos/2012-13 Originals/P1000435.JPG"	4354354	4377600
3489	"2012-13 NZ Dec 2012 - Jan 2013"	P1000436.JPG	/mnt/1tb/wppa-source/album-138/P1000436.JPG	"/mnt/1tb/onedrive/Pictures/Other Photos/1964 - 2015 Original Photos/2012-13 Originals/P1000436.JPG"	4162487	4186112
3490	"2012-13 NZ Dec 2012 - Jan 2013"	P1000442.JPG	/mnt/1tb/wppa-source/album-138/P1000442.JPG	"/mnt/1tb/onedrive/Pictures/Other Photos/1964 - 2015 Original Photos/2012-13 Originals/P1000442.JPG"	4052540	2916163
3491	"2012-13 NZ Dec 2012 - Jan 2013"	P1000443.JPG	/mnt/1tb/wppa-source/album-138/P1000443.JPG	"/mnt/1tb/onedrive/Pictures/Other Photos/1964 - 2015 Original Photos/2012-13 Originals/P1000443.JPG"	4292354	4316672
3492	"2012-13 NZ Dec 2012 - Jan 2013"	P1000444.JPG	/mnt/1tb/wppa-source/album-138/P1000444.JPG	"/mnt/1tb/onedrive/Pictures/Other Photos/1964 - 2015 Original Photos/2012-13 Originals/P1000444.JPG"	3610367	3634688
3493	"2012-13 NZ Dec 2012 - Jan 2013"	P1000452.JPG	/mnt/1tb/wppa-source/album-138/P1000452.JPG	"/mnt/1tb/onedrive/Pictures/Other Photos/1964 - 2015 Original Photos/2012-13 Originals/P1000452.JPG"	4487106	4510208
3494	"2012-13 NZ Dec 2012 - Jan 2013"	P1000455.JPG	/mnt/1tb/wppa-source/album-138/P1000455.JPG	"/mnt/1tb/onedrive/Pictures/Other Photos/1964 - 2015 Original Photos/2012-13 Originals/P1000455.JPG"	4162408	4186112
3495	"2012-13 NZ Dec 2012 - Jan 2013"	P1000460.JPG	/mnt/1tb/wppa-source/album-138/P1000460.JPG	"/mnt/1tb/onedrive/Pictures/Other Photos/1964 - 2015 Original Photos/2012-13 Originals/P1000460.JPG"	4180207	4204032
3496	"2012-13 NZ Dec 2012 - Jan 2013"	P1000465.JPG	/mnt/1tb/wppa-source/album-138/P1000465.JPG	"/mnt/1tb/onedrive/Pictures/Other Photos/1964 - 2015 Original Photos/2012-13 Originals/P1000465.JPG"	4065925	4087296
3497	"2012-13 NZ Dec 2012 - Jan 2013"	P1000466.JPG	/mnt/1tb/wppa-source/album-138/P1000466.JPG	"/mnt/1tb/onedrive/Pictures/Other Photos/1964 - 2015 Original Photos/2012-13 Originals/P1000466.JPG"	4524876	4547072
3498	"2012-13 NZ Dec 2012 - Jan 2013"	P1000468.JPG	/mnt/1tb/wppa-source/album-138/P1000468.JPG	"/mnt/1tb/onedrive/Pictures/Other Photos/1964 - 2015 Original Photos/2012-13 Originals/P1000468.JPG"	4050511	4073984
3499	"2012-13 NZ Dec 2012 - Jan 2013"	P1000473.JPG	/mnt/1tb/wppa-source/album-138/P1000473.JPG	"/mnt/1tb/onedrive/Pictures/Other Photos/1964 - 2015 Original Photos/2012-13 Originals/P1000473.JPG"	1001652	1026048
3500	"2012-13 NZ Dec 2012 - Jan 2013"	P1000481.JPG	/mnt/1tb/wppa-source/album-138/P1000481.JPG	"/mnt/1tb/onedrive/Pictures/Other Photos/1964 - 2015 Original Photos/2012-13 Originals/P1000481.JPG"	4350423	4373504
3501	"2012-13 NZ Dec 2012 - Jan 2013"	P1000485.JPG	/mnt/1tb/wppa-source/album-138/P1000485.JPG	"/mnt/1tb/onedrive/Pictures/Other Photos/1964 - 2015 Original Photos/2012-13 Originals/P1000485.JPG"	4222008	4246016
3502	"2012-13 NZ Dec 2012 - Jan 2013"	P1000487.JPG	/mnt/1tb/wppa-source/album-138/P1000487.JPG	"/mnt/1tb/onedrive/Pictures/Other Photos/1964 - 2015 Original Photos/2012-13 Originals/P1000487.JPG"	4142995	4165632
3503	"2012-13 NZ Dec 2012 - Jan 2013"	P1000488.JPG	/mnt/1tb/wppa-source/album-138/P1000488.JPG	"/mnt/1tb/onedrive/Pictures/Other Photos/1964 - 2015 Original Photos/2012-13 Originals/P1000488.JPG"	4255939	4278784
3504	"2012-13 NZ Dec 2012 - Jan 2013"	P1000489.JPG	/mnt/1tb/wppa-source/album-138/P1000489.JPG	"/mnt/1tb/onedrive/Pictures/Other Photos/1964 - 2015 Original Photos/2012-13 Originals/P1000489.JPG"	4415352	4439040
3505	"2012-13 NZ Dec 2012 - Jan 2013"	P1000491.JPG	/mnt/1tb/wppa-source/album-138/P1000491.JPG	"/mnt/1tb/onedrive/Pictures/Other Photos/1964 - 2015 Original Photos/2012-13 Originals/P1000491.JPG"	4489129	4512768
3506	"2012-13 NZ Dec 2012 - Jan 2013"	P1000496.JPG	/mnt/1tb/wppa-source/album-138/P1000496.JPG	"/mnt/1tb/onedrive/Pictures/Other Photos/1964 - 2015 Original Photos/2012-13 Originals/P1000496.JPG"	4262631	4285952
3507	"2012-13 NZ Dec 2012 - Jan 2013"	P1000500.JPG	/mnt/1tb/wppa-source/album-138/P1000500.JPG	"/mnt/1tb/onedrive/Pictures/Other Photos/1964 - 2015 Original Photos/2012-13 Originals/P1000500.JPG"	4142763	4167168
3508	"2012-13 NZ Dec 2012 - Jan 2013"	P1000511.JPG	/mnt/1tb/wppa-source/album-138/P1000511.JPG	"/mnt/1tb/onedrive/Pictures/Other Photos/1964 - 2015 Original Photos/2012-13 Originals/P1000511.JPG"	4027789	4051456
3509	"2012-13 NZ Dec 2012 - Jan 2013"	P1000519.JPG	/mnt/1tb/wppa-source/album-138/P1000519.JPG	"/mnt/1tb/onedrive/Pictures/Other Photos/1964 - 2015 Original Photos/2012-13 Originals/P1000519.JPG"	3321792	3347456
3510	"2012-13 NZ Dec 2012 - Jan 2013"	P1000521.JPG	/mnt/1tb/wppa-source/album-138/P1000521.JPG	"/mnt/1tb/onedrive/Pictures/Other Photos/1964 - 2015 Original Photos/2012-13 Originals/P1000521.JPG"	4503388	4527104
3511	"2012-13 NZ Dec 2012 - Jan 2013"	P1000526.JPG	/mnt/1tb/wppa-source/album-138/P1000526.JPG	"/mnt/1tb/onedrive/Pictures/Other Photos/1964 - 2015 Original Photos/2012-13 Originals/P1000526.JPG"	4107933	4131328
3512	"2012-13 NZ Dec 2012 - Jan 2013"	P1000542.JPG	/mnt/1tb/wppa-source/album-138/P1000542.JPG	"/mnt/1tb/onedrive/Pictures/Other Photos/1964 - 2015 Original Photos/2012-13 Originals/P1000542.JPG"	3808742	3831808
3513	"2012-13 NZ Dec 2012 - Jan 2013"	P1000543.JPG	/mnt/1tb/wppa-source/album-138/P1000543.JPG	"/mnt/1tb/onedrive/Pictures/Other Photos/1964 - 2015 Original Photos/2012-13 Originals/P1000543.JPG"	4439473	4462080
3514	"2012-13 NZ Dec 2012 - Jan 2013"	P1000552.JPG	/mnt/1tb/wppa-source/album-138/P1000552.JPG	"/mnt/1tb/onedrive/Pictures/Other Photos/1964 - 2015 Original Photos/2012-13 Originals/P1000552.JPG"	4190034	4211200
3515	"2012-13 NZ Dec 2012 - Jan 2013"	P1000563.JPG	/mnt/1tb/wppa-source/album-138/P1000563.JPG	"/mnt/1tb/onedrive/Pictures/Other Photos/1964 - 2015 Original Photos/2012-13 Originals/P1000563.JPG"	4081000	4104192
3516	"2012-13 NZ Dec 2012 - Jan 2013"	P1000567.JPG	/mnt/1tb/wppa-source/album-138/P1000567.JPG	"/mnt/1tb/onedrive/Pictures/Other Photos/1964 - 2015 Original Photos/2012-13 Originals/P1000567.JPG"	4090664	4112384
3517	"2012-13 NZ Dec 2012 - Jan 2013"	P1000580.JPG	/mnt/1tb/wppa-source/album-138/P1000580.JPG	"/mnt/1tb/onedrive/Pictures/Other Photos/1964 - 2015 Original Photos/2012-13 Originals/P1000580.JPG"	4068370	4092416
3518	"2012-13 NZ Dec 2012 - Jan 2013"	P1000587.JPG	/mnt/1tb/wppa-source/album-138/P1000587.JPG	"/mnt/1tb/onedrive/Pictures/Other Photos/1964 - 2015 Original Photos/2012-13 Originals/P1000587.JPG"	4084476	4107264
3519	"2012-13 NZ Dec 2012 - Jan 2013"	P1000592.JPG	/mnt/1tb/wppa-source/album-138/P1000592.JPG	"/mnt/1tb/onedrive/Pictures/Other Photos/1964 - 2015 Original Photos/2012-13 Originals/P1000592.JPG"	4205834	4227584
3521	"2012-13 NZ Dec 2012 - Jan 2013"	P1000604.JPG	/mnt/1tb/wppa-source/album-138/P1000604.JPG	"/mnt/1tb/onedrive/Pictures/Other Photos/1964 - 2015 Original Photos/2012-13 Originals/P1000604.JPG"	4038717	4062208
3522	"2012-13 NZ Dec 2012 - Jan 2013"	P1000607.JPG	/mnt/1tb/wppa-source/album-138/P1000607.JPG	"/mnt/1tb/onedrive/Pictures/Other Photos/1964 - 2015 Original Photos/2012-13 Originals/P1000607.JPG"	4236616	4260864
3523	"2012-13 NZ Dec 2012 - Jan 2013"	P1000612.JPG	/mnt/1tb/wppa-source/album-138/P1000612.JPG	"/mnt/1tb/onedrive/Pictures/Other Photos/1964 - 2015 Original Photos/2012-13 Originals/P1000612.JPG"	4142563	4166656
3525	"2012-13 NZ Dec 2012 - Jan 2013"	P1000617.JPG	/mnt/1tb/wppa-source/album-138/P1000617.JPG	"/mnt/1tb/onedrive/Pictures/Other Photos/1964 - 2015 Original Photos/2012-13 Originals/P1000617.JPG"	4391665	4414464
3526	"2012-13 NZ Dec 2012 - Jan 2013"	P1000620.JPG	/mnt/1tb/wppa-source/album-138/P1000620.JPG	"/mnt/1tb/onedrive/Pictures/Other Photos/1964 - 2015 Original Photos/2012-13 Originals/P1000620.JPG"	4109243	4131840
3527	"2012-13 NZ Dec 2012 - Jan 2013"	P1000628.JPG	/mnt/1tb/wppa-source/album-138/P1000628.JPG	"/mnt/1tb/onedrive/Pictures/Other Photos/1964 - 2015 Original Photos/2012-13 Originals/P1000628.JPG"	4104182	4125696
3528	"2012-13 NZ Dec 2012 - Jan 2013"	P1000634.JPG	/mnt/1tb/wppa-source/album-138/P1000634.JPG	"/mnt/1tb/onedrive/Pictures/Other Photos/1964 - 2015 Original Photos/2012-13 Originals/P1000634.JPG"	4154957	4176384
3529	"2012-13 NZ Dec 2012 - Jan 2013"	P1000637.JPG	/mnt/1tb/wppa-source/album-138/P1000637.JPG	"/mnt/1tb/onedrive/Pictures/Other Photos/1964 - 2015 Original Photos/2012-13 Originals/P1000637.JPG"	3116990	3143168
3530	"2012-13 NZ Dec 2012 - Jan 2013"	P1000644.JPG	/mnt/1tb/wppa-source/album-138/P1000644.JPG	"/mnt/1tb/onedrive/Pictures/Other Photos/1964 - 2015 Original Photos/2012-13 Originals/P1000644.JPG"	4084265	4107264
3531	"2012-13 NZ Dec 2012 - Jan 2013"	P1000651.JPG	/mnt/1tb/wppa-source/album-138/P1000651.JPG	"/mnt/1tb/onedrive/Pictures/Other Photos/1964 - 2015 Original Photos/2012-13 Originals/P1000651.JPG"	3469340	3494912
3532	"2012-13 NZ Dec 2012 - Jan 2013"	P1000658.JPG	/mnt/1tb/wppa-source/album-138/P1000658.JPG	"/mnt/1tb/onedrive/Pictures/Other Photos/1964 - 2015 Original Photos/2012-13 Originals/P1000658.JPG"	4342602	4362240
3533	"2012-13 NZ Dec 2012 - Jan 2013"	P1000659.JPG	/mnt/1tb/wppa-source/album-138/P1000659.JPG	"/mnt/1tb/onedrive/Pictures/Other Photos/1964 - 2015 Original Photos/2012-13 Originals/P1000659.JPG"	4267840	4291072
3534	"2012-13 NZ Dec 2012 - Jan 2013"	P1000662.JPG	/mnt/1tb/wppa-source/album-138/P1000662.JPG	"/mnt/1tb/onedrive/Pictures/Other Photos/1964 - 2015 Original Photos/2012-13 Originals/P1000662.JPG"	4144151	4168704
3536	"2012-13 NZ Dec 2012 - Jan 2013"	P1000670.JPG	/mnt/1tb/wppa-source/album-138/P1000670.JPG	"/mnt/1tb/onedrive/Pictures/Other Photos/1964 - 2015 Original Photos/2012-13 Originals/P1000670.JPG"	4058049	4080640
3537	"2012-13 NZ Dec 2012 - Jan 2013"	P1000673.JPG	/mnt/1tb/wppa-source/album-138/P1000673.JPG	"/mnt/1tb/onedrive/Pictures/Other Photos/1964 - 2015 Original Photos/2012-13 Originals/P1000673.JPG"	4206756	4228608
3538	"2012-13 NZ Dec 2012 - Jan 2013"	P1000675.JPG	/mnt/1tb/wppa-source/album-138/P1000675.JPG	"/mnt/1tb/onedrive/Pictures/Other Photos/1964 - 2015 Original Photos/2012-13 Originals/P1000675.JPG"	4369775	4392448
3539	"2012-13 NZ Dec 2012 - Jan 2013"	P1000679.JPG	/mnt/1tb/wppa-source/album-138/P1000679.JPG	"/mnt/1tb/onedrive/Pictures/Other Photos/1964 - 2015 Original Photos/2012-13 Originals/P1000679.JPG"	2944639	2971136
3540	"2012-13 NZ Dec 2012 - Jan 2013"	P1000682.JPG	/mnt/1tb/wppa-source/album-138/P1000682.JPG	"/mnt/1tb/onedrive/Pictures/Other Photos/1964 - 2015 Original Photos/2012-13 Originals/P1000682.JPG"	4083834	4106240
3541	"2012-13 NZ Dec 2012 - Jan 2013"	P1000686.JPG	/mnt/1tb/wppa-source/album-138/P1000686.JPG	"/mnt/1tb/onedrive/Pictures/Other Photos/1964 - 2015 Original Photos/2012-13 Originals/P1000686.JPG"	4158361	4178944
3542	"2012-13 NZ Dec 2012 - Jan 2013"	P1000692.JPG	/mnt/1tb/wppa-source/album-138/P1000692.JPG	"/mnt/1tb/onedrive/Pictures/Other Photos/1964 - 2015 Original Photos/2012-13 Originals/P1000692.JPG"	4421901	4444672
3543	"2012-13 NZ Dec 2012 - Jan 2013"	P1000696.JPG	/mnt/1tb/wppa-source/album-138/P1000696.JPG	"/mnt/1tb/onedrive/Pictures/Other Photos/1964 - 2015 Original Photos/2012-13 Originals/P1000696.JPG"	4198751	4219392
3544	"2012-13 NZ Dec 2012 - Jan 2013"	P1000698.JPG	/mnt/1tb/wppa-source/album-138/P1000698.JPG	"/mnt/1tb/onedrive/Pictures/Other Photos/1964 - 2015 Original Photos/2012-13 Originals/P1000698.JPG"	2857349	2884096
3545	"2012-13 NZ Dec 2012 - Jan 2013"	P1000702.JPG	/mnt/1tb/wppa-source/album-138/P1000702.JPG	"/mnt/1tb/onedrive/Pictures/Other Photos/1964 - 2015 Original Photos/2012-13 Originals/P1000702.JPG"	4234034	4256768
3546	"2012-13 NZ Dec 2012 - Jan 2013"	P1000708.JPG	/mnt/1tb/wppa-source/album-138/P1000708.JPG	"/mnt/1tb/onedrive/Pictures/Other Photos/1964 - 2015 Original Photos/2012-13 Originals/P1000708.JPG"	4419878	4442112
3547	"2012-13 NZ Dec 2012 - Jan 2013"	P1000709.JPG	/mnt/1tb/wppa-source/album-138/P1000709.JPG	"/mnt/1tb/onedrive/Pictures/Other Photos/1964 - 2015 Original Photos/2012-13 Originals/P1000709.JPG"	4111838	4134400
3548	"2012-13 NZ Dec 2012 - Jan 2013"	P1000716.JPG	/mnt/1tb/wppa-source/album-138/P1000716.JPG	"/mnt/1tb/onedrive/Pictures/Other Photos/1964 - 2015 Original Photos/2012-13 Originals/P1000716.JPG"	4214145	4236800
3549	"2012-13 NZ Dec 2012 - Jan 2013"	P1000717.JPG	/mnt/1tb/wppa-source/album-138/P1000717.JPG	"/mnt/1tb/onedrive/Pictures/Other Photos/1964 - 2015 Original Photos/2012-13 Originals/P1000717.JPG"	4376288	4398592
3550	"2012-13 NZ Dec 2012 - Jan 2013"	P1000718.JPG	/mnt/1tb/wppa-source/album-138/P1000718.JPG	"/mnt/1tb/onedrive/Pictures/Other Photos/1964 - 2015 Original Photos/2012-13 Originals/P1000718.JPG"	4059543	4081664
3551	"2012-13 NZ Dec 2012 - Jan 2013"	P1000722.JPG	/mnt/1tb/wppa-source/album-138/P1000722.JPG	"/mnt/1tb/onedrive/Pictures/Other Photos/1964 - 2015 Original Photos/2012-13 Originals/P1000722.JPG"	4243379	4267520
3552	"2012-13 NZ Dec 2012 - Jan 2013"	P1000723.JPG	/mnt/1tb/wppa-source/album-138/P1000723.JPG	"/mnt/1tb/onedrive/Pictures/Other Photos/1964 - 2015 Original Photos/2012-13 Originals/P1000723.JPG"	3801843	3825664
3553	"2012-13 NZ Dec 2012 - Jan 2013"	P1000725.JPG	/mnt/1tb/wppa-source/album-138/P1000725.JPG	"/mnt/1tb/onedrive/Pictures/Other Photos/1964 - 2015 Original Photos/2012-13 Originals/P1000725.JPG"	4230797	4253696
3554	"2012-13 NZ Dec 2012 - Jan 2013"	P1000732.JPG	/mnt/1tb/wppa-source/album-138/P1000732.JPG	"/mnt/1tb/onedrive/Pictures/Other Photos/1964 - 2015 Original Photos/2012-13 Originals/P1000732.JPG"	4224248	4247040
3555	"2012-13 NZ Dec 2012 - Jan 2013"	P1000733.JPG	/mnt/1tb/wppa-source/album-138/P1000733.JPG	"/mnt/1tb/onedrive/Pictures/Other Photos/1964 - 2015 Original Photos/2012-13 Originals/P1000733.JPG"	186139	212480
3556	"2012-13 NZ Dec 2012 - Jan 2013"	P1000736.JPG	/mnt/1tb/wppa-source/album-138/P1000736.JPG	"/mnt/1tb/onedrive/Pictures/Other Photos/1964 - 2015 Original Photos/2012-13 Originals/P1000736.JPG"	4175058	4198400
3557	"2012-13 NZ Dec 2012 - Jan 2013"	P1000745.JPG	/mnt/1tb/wppa-source/album-138/P1000745.JPG	"/mnt/1tb/onedrive/Pictures/Other Photos/1964 - 2015 Original Photos/2012-13 Originals/P1000745.JPG"	4053813	4078080
3558	"2012-13 NZ Dec 2012 - Jan 2013"	P1000748.JPG	/mnt/1tb/wppa-source/album-138/P1000748.JPG	"/mnt/1tb/onedrive/Pictures/Other Photos/1964 - 2015 Original Photos/2012-13 Originals/P1000748.JPG"	4055799	4081152
3559	"2012-13 NZ Dec 2012 - Jan 2013"	P1000753.JPG	/mnt/1tb/wppa-source/album-138/P1000753.JPG	"/mnt/1tb/onedrive/Pictures/Other Photos/1964 - 2015 Original Photos/2012-13 Originals/P1000753.JPG"	3808502	3833856
3560	"2012-13 NZ Dec 2012 - Jan 2013"	P1000758.JPG	/mnt/1tb/wppa-source/album-138/P1000758.JPG	"/mnt/1tb/onedrive/Pictures/Other Photos/1964 - 2015 Original Photos/2012-13 Originals/P1000758.JPG"	188792	3185152
3561	"2012-13 NZ Dec 2012 - Jan 2013"	P1000767.JPG	/mnt/1tb/wppa-source/album-138/P1000767.JPG	"/mnt/1tb/onedrive/Pictures/Other Photos/1964 - 2015 Original Photos/2012-13 Originals/P1000767.JPG"	502390	4401664
3562	"2012-13 NZ Dec 2012 - Jan 2013"	P1000768.JPG	/mnt/1tb/wppa-source/album-138/P1000768.JPG	"/mnt/1tb/onedrive/Pictures/Other Photos/1964 - 2015 Original Photos/2012-13 Originals/P1000768.JPG"	923459	4263936
3563	"2012-13 NZ Dec 2012 - Jan 2013"	P1000770.JPG	/mnt/1tb/wppa-source/album-138/P1000770.JPG	"/mnt/1tb/onedrive/Pictures/Other Photos/1964 - 2015 Original Photos/2012-13 Originals/P1000770.JPG"	490077	4289536
3564	"2012-13 NZ Dec 2012 - Jan 2013"	P1000779.JPG	/mnt/1tb/wppa-source/album-138/P1000779.JPG	"/mnt/1tb/onedrive/Pictures/Other Photos/1964 - 2015 Original Photos/2012-13 Originals/P1000779.JPG"	172502	3408896
3565	"2012-13 NZ Dec 2012 - Jan 2013"	P1000790.JPG	/mnt/1tb/wppa-source/album-138/P1000790.JPG	"/mnt/1tb/onedrive/Pictures/Other Photos/1964 - 2015 Original Photos/2012-13 Originals/P1000790.JPG"	223024	4201984
3566	"2012-13 NZ Dec 2012 - Jan 2013"	P1000792.JPG	/mnt/1tb/wppa-source/album-138/P1000792.JPG	"/mnt/1tb/onedrive/Pictures/Other Photos/1964 - 2015 Original Photos/2012-13 Originals/P1000792.JPG"	193020	2551808
3567	"2012-13 NZ Dec 2012 - Jan 2013"	P1000799.JPG	/mnt/1tb/wppa-source/album-138/P1000799.JPG	"/mnt/1tb/onedrive/Pictures/Other Photos/1964 - 2015 Original Photos/2012-13 Originals/P1000799.JPG"	1084634	4262400
3568	"2012-13 NZ Dec 2012 - Jan 2013"	P1000805.JPG	/mnt/1tb/wppa-source/album-138/P1000805.JPG	"/mnt/1tb/onedrive/Pictures/Other Photos/1964 - 2015 Original Photos/2012-13 Originals/P1000805.JPG"	564289	4153856
3569	"2012-13 NZ Dec 2012 - Jan 2013"	P1000807.JPG	/mnt/1tb/wppa-source/album-138/P1000807.JPG	"/mnt/1tb/onedrive/Pictures/Other Photos/1964 - 2015 Original Photos/2012-13 Originals/P1000807.JPG"	1040616	4142080
3570	"2012-13 NZ Dec 2012 - Jan 2013"	P1000812.JPG	/mnt/1tb/wppa-source/album-138/P1000812.JPG	"/mnt/1tb/onedrive/Pictures/Other Photos/1964 - 2015 Original Photos/2012-13 Originals/P1000812.JPG"	469794	4242944
3571	"2012-13 NZ Dec 2012 - Jan 2013"	P1000816.JPG	/mnt/1tb/wppa-source/album-138/P1000816.JPG	"/mnt/1tb/onedrive/Pictures/Other Photos/1964 - 2015 Original Photos/2012-13 Originals/P1000816.JPG"	1188113	4455936
3572	"2012-13 NZ Dec 2012 - Jan 2013"	P1000817.JPG	/mnt/1tb/wppa-source/album-138/P1000817.JPG	"/mnt/1tb/onedrive/Pictures/Other Photos/1964 - 2015 Original Photos/2012-13 Originals/P1000817.JPG"	904357	4304384
3573	"2012-13 NZ Dec 2012 - Jan 2013"	P1000821.JPG	/mnt/1tb/wppa-source/album-138/P1000821.JPG	"/mnt/1tb/onedrive/Pictures/Other Photos/1964 - 2015 Original Photos/2012-13 Originals/P1000821.JPG"	806591	4103680
3574	"2012-13 NZ Dec 2012 - Jan 2013"	P1000823.JPG	/mnt/1tb/wppa-source/album-138/P1000823.JPG	"/mnt/1tb/onedrive/Pictures/Other Photos/1964 - 2015 Original Photos/2012-13 Originals/P1000823.JPG"	1004585	4462592
3575	"2012-13 NZ Dec 2012 - Jan 2013"	P1000824.JPG	/mnt/1tb/wppa-source/album-138/P1000824.JPG	"/mnt/1tb/onedrive/Pictures/Other Photos/1964 - 2015 Original Photos/2012-13 Originals/P1000824.JPG"	725307	4360192
3576	"2012-13 NZ Dec 2012 - Jan 2013"	P1000828.JPG	/mnt/1tb/wppa-source/album-138/P1000828.JPG	"/mnt/1tb/onedrive/Pictures/Other Photos/1964 - 2015 Original Photos/2012-13 Originals/P1000828.JPG"	436486	4025344
3577	"2012-13 NZ Dec 2012 - Jan 2013"	P1000838.JPG	/mnt/1tb/wppa-source/album-138/P1000838.JPG	"/mnt/1tb/onedrive/Pictures/Other Photos/1964 - 2015 Original Photos/2012-13 Originals/P1000838.JPG"	1116845	4346368
3578	"2012-13 NZ Dec 2012 - Jan 2013"	P1000842.JPG	/mnt/1tb/wppa-source/album-138/P1000842.JPG	"/mnt/1tb/onedrive/Pictures/Other Photos/1964 - 2015 Original Photos/2012-13 Originals/P1000842.JPG"	574666	4125696
3579	"2012-13 NZ Dec 2012 - Jan 2013"	P1000849.JPG	/mnt/1tb/wppa-source/album-138/P1000849.JPG	"/mnt/1tb/onedrive/Pictures/Other Photos/1964 - 2015 Original Photos/2012-13 Originals/P1000849.JPG"	4195022	4217856
3580	"2012-13 NZ Dec 2012 - Jan 2013"	P1000850.JPG	/mnt/1tb/wppa-source/album-138/P1000850.JPG	"/mnt/1tb/onedrive/Pictures/Other Photos/1964 - 2015 Original Photos/2012-13 Originals/P1000850.JPG"	286883	3977216
3581	"2012-13 NZ Dec 2012 - Jan 2013"	P1000853.JPG	/mnt/1tb/wppa-source/album-138/P1000853.JPG	"/mnt/1tb/onedrive/Pictures/Other Photos/1964 - 2015 Original Photos/2012-13 Originals/P1000853.JPG"	234603	3770880
3582	"2012-13 NZ Dec 2012 - Jan 2013"	P1000855.JPG	/mnt/1tb/wppa-source/album-138/P1000855.JPG	"/mnt/1tb/onedrive/Pictures/Other Photos/1964 - 2015 Original Photos/2012-13 Originals/P1000855.JPG"	253851	4007424
3583	"2012-13 NZ Dec 2012 - Jan 2013"	P1000860.JPG	/mnt/1tb/wppa-source/album-138/P1000860.JPG	"/mnt/1tb/onedrive/Pictures/Other Photos/1964 - 2015 Original Photos/2012-13 Originals/P1000860.JPG"	241917	4065280
3584	"2012-13 NZ Dec 2012 - Jan 2013"	P1000861.JPG	/mnt/1tb/wppa-source/album-138/P1000861.JPG	"/mnt/1tb/onedrive/Pictures/Other Photos/1964 - 2015 Original Photos/2012-13 Originals/P1000861.JPG"	826541	4254208
3585	"2012-13 NZ Dec 2012 - Jan 2013"	P1000862.JPG	/mnt/1tb/wppa-source/album-138/P1000862.JPG	"/mnt/1tb/onedrive/Pictures/Other Photos/1964 - 2015 Original Photos/2012-13 Originals/P1000862.JPG"	447721	4157440
3586	"2012-13 NZ Dec 2012 - Jan 2013"	P1000866.JPG	/mnt/1tb/wppa-source/album-138/P1000866.JPG	"/mnt/1tb/onedrive/Pictures/Other Photos/1964 - 2015 Original Photos/2012-13 Originals/P1000866.JPG"	606433	4413952
3587	"2012-13 NZ Dec 2012 - Jan 2013"	P1000870.JPG	/mnt/1tb/wppa-source/album-138/P1000870.JPG	"/mnt/1tb/onedrive/Pictures/Other Photos/1964 - 2015 Original Photos/2012-13 Originals/P1000870.JPG"	555742	4097024
3588	"2012-13 NZ Dec 2012 - Jan 2013"	P1000873.JPG	/mnt/1tb/wppa-source/album-138/P1000873.JPG	"/mnt/1tb/onedrive/Pictures/Other Photos/1964 - 2015 Original Photos/2012-13 Originals/P1000873.JPG"	707301	4432896
3589	"2012-13 NZ Dec 2012 - Jan 2013"	P1000880.JPG	/mnt/1tb/wppa-source/album-138/P1000880.JPG	"/mnt/1tb/onedrive/Pictures/Other Photos/1964 - 2015 Original Photos/2012-13 Originals/P1000880.JPG"	569987	4289536
3590	"2012-13 NZ Dec 2012 - Jan 2013"	P1000882.JPG	/mnt/1tb/wppa-source/album-138/P1000882.JPG	"/mnt/1tb/onedrive/Pictures/Other Photos/1964 - 2015 Original Photos/2012-13 Originals/P1000882.JPG"	520748	4421632
3591	"2012-13 NZ Dec 2012 - Jan 2013"	P1000886.JPG	/mnt/1tb/wppa-source/album-138/P1000886.JPG	"/mnt/1tb/onedrive/Pictures/Other Photos/1964 - 2015 Original Photos/2012-13 Originals/P1000886.JPG"	1003210	4165120
3592	"2012-13 NZ Dec 2012 - Jan 2013"	P1000889.JPG	/mnt/1tb/wppa-source/album-138/P1000889.JPG	"/mnt/1tb/onedrive/Pictures/Other Photos/1964 - 2015 Original Photos/2012-13 Originals/P1000889.JPG"	756078	3964416
3593	"2012-13 NZ Dec 2012 - Jan 2013"	P1000890.JPG	/mnt/1tb/wppa-source/album-138/P1000890.JPG	"/mnt/1tb/onedrive/Pictures/Other Photos/1964 - 2015 Original Photos/2012-13 Originals/P1000890.JPG"	616433	4258304
3594	"2012-13 NZ Dec 2012 - Jan 2013"	P1000894.JPG	/mnt/1tb/wppa-source/album-138/P1000894.JPG	"/mnt/1tb/onedrive/Pictures/Other Photos/1964 - 2015 Original Photos/2012-13 Originals/P1000894.JPG"	698588	4444672
3595	"2012-13 NZ Dec 2012 - Jan 2013"	P1000899.JPG	/mnt/1tb/wppa-source/album-138/P1000899.JPG	"/mnt/1tb/onedrive/Pictures/Other Photos/1964 - 2015 Original Photos/2012-13 Originals/P1000899.JPG"	619318	4253184
3596	"2012-13 NZ Dec 2012 - Jan 2013"	P1000901.JPG	/mnt/1tb/wppa-source/album-138/P1000901.JPG	"/mnt/1tb/onedrive/Pictures/Other Photos/1964 - 2015 Original Photos/2012-13 Originals/P1000901.JPG"	859311	4225024
3597	"2012-13 NZ Dec 2012 - Jan 2013"	P1000905.JPG	/mnt/1tb/wppa-source/album-138/P1000905.JPG	"/mnt/1tb/onedrive/Pictures/Other Photos/1964 - 2015 Original Photos/2012-13 Originals/P1000905.JPG"	439877	4025344
3598	"2012-13 NZ Dec 2012 - Jan 2013"	P1000906.JPG	/mnt/1tb/wppa-source/album-138/P1000906.JPG	"/mnt/1tb/onedrive/Pictures/Other Photos/1964 - 2015 Original Photos/2012-13 Originals/P1000906.JPG"	875192	4132864
3599	"2012-13 NZ Dec 2012 - Jan 2013"	P1000909.JPG	/mnt/1tb/wppa-source/album-138/P1000909.JPG	"/mnt/1tb/onedrive/Pictures/Other Photos/1964 - 2015 Original Photos/2012-13 Originals/P1000909.JPG"	260184	4008960
3600	"2012-13 NZ Dec 2012 - Jan 2013"	P1000910.JPG	/mnt/1tb/wppa-source/album-138/P1000910.JPG	"/mnt/1tb/onedrive/Pictures/Other Photos/1964 - 2015 Original Photos/2012-13 Originals/P1000910.JPG"	208486	2900992
3601	"2012-13 NZ Dec 2012 - Jan 2013"	P1000911.JPG	/mnt/1tb/wppa-source/album-138/P1000911.JPG	"/mnt/1tb/onedrive/Pictures/Other Photos/1964 - 2015 Original Photos/2012-13 Originals/P1000911.JPG"	349062	3700736
3602	"2012-13 NZ Dec 2012 - Jan 2013"	P1000912.JPG	/mnt/1tb/wppa-source/album-138/P1000912.JPG	"/mnt/1tb/onedrive/Pictures/Other Photos/1964 - 2015 Original Photos/2012-13 Originals/P1000912.JPG"	410876	4179968
3603	"2012-13 NZ Dec 2012 - Jan 2013"	P1000913.JPG	/mnt/1tb/wppa-source/album-138/P1000913.JPG	"/mnt/1tb/onedrive/Pictures/Other Photos/1964 - 2015 Original Photos/2012-13 Originals/P1000913.JPG"	202292	3187712
3604	"2012-13 NZ Dec 2012 - Jan 2013"	P1000917.JPG	/mnt/1tb/wppa-source/album-138/P1000917.JPG	"/mnt/1tb/onedrive/Pictures/Other Photos/1964 - 2015 Original Photos/2012-13 Originals/P1000917.JPG"	401470	4174336
3605	"2012-13 NZ Dec 2012 - Jan 2013"	P1000918.JPG	/mnt/1tb/wppa-source/album-138/P1000918.JPG	"/mnt/1tb/onedrive/Pictures/Other Photos/1964 - 2015 Original Photos/2012-13 Originals/P1000918.JPG"	832416	4132352
3606	"2012-13 NZ Dec 2012 - Jan 2013"	P1000924.JPG	/mnt/1tb/wppa-source/album-138/P1000924.JPG	"/mnt/1tb/onedrive/Pictures/Other Photos/1964 - 2015 Original Photos/2012-13 Originals/P1000924.JPG"	214861	3382272
3607	"2012-13 NZ Dec 2012 - Jan 2013"	P1000926.JPG	/mnt/1tb/wppa-source/album-138/P1000926.JPG	"/mnt/1tb/onedrive/Pictures/Other Photos/1964 - 2015 Original Photos/2012-13 Originals/P1000926.JPG"	294477	3695104
3608	"2012-13 NZ Dec 2012 - Jan 2013"	P1000928.JPG	/mnt/1tb/wppa-source/album-138/P1000928.JPG	"/mnt/1tb/onedrive/Pictures/Other Photos/1964 - 2015 Original Photos/2012-13 Originals/P1000928.JPG"	308045	4122624
3609	"2012-13 NZ Dec 2012 - Jan 2013"	P1000937.JPG	/mnt/1tb/wppa-source/album-138/P1000937.JPG	"/mnt/1tb/onedrive/Pictures/Other Photos/1964 - 2015 Original Photos/2012-13 Originals/P1000937.JPG"	965277	4337664
3610	"2012-13 NZ Dec 2012 - Jan 2013"	P1000938.JPG	/mnt/1tb/wppa-source/album-138/P1000938.JPG	"/mnt/1tb/onedrive/Pictures/Other Photos/1964 - 2015 Original Photos/2012-13 Originals/P1000938.JPG"	430939	4048384
3611	"2012-13 NZ Dec 2012 - Jan 2013"	P1000947.JPG	/mnt/1tb/wppa-source/album-138/P1000947.JPG	"/mnt/1tb/onedrive/Pictures/Other Photos/1964 - 2015 Original Photos/2012-13 Originals/P1000947.JPG"	536159	4448768
3612	"2012-13 NZ Dec 2012 - Jan 2013"	P1000951.JPG	/mnt/1tb/wppa-source/album-138/P1000951.JPG	"/mnt/1tb/onedrive/Pictures/Other Photos/1964 - 2015 Original Photos/2012-13 Originals/P1000951.JPG"	540484	4160000
3613	"2012-13 NZ Dec 2012 - Jan 2013"	P1000956.JPG	/mnt/1tb/wppa-source/album-138/P1000956.JPG	"/mnt/1tb/onedrive/Pictures/Other Photos/1964 - 2015 Original Photos/2012-13 Originals/P1000956.JPG"	992046	4257792
3614	"2012-13 NZ Dec 2012 - Jan 2013"	P1000957.JPG	/mnt/1tb/wppa-source/album-138/P1000957.JPG	"/mnt/1tb/onedrive/Pictures/Other Photos/1964 - 2015 Original Photos/2012-13 Originals/P1000957.JPG"	162103	3287552
3615	"2012-13 NZ Dec 2012 - Jan 2013"	P1000961.JPG	/mnt/1tb/wppa-source/album-138/P1000961.JPG	"/mnt/1tb/onedrive/Pictures/Other Photos/1964 - 2015 Original Photos/2012-13 Originals/P1000961.JPG"	167015	3467776
3616	"2012-13 NZ Dec 2012 - Jan 2013"	P1000970.JPG	/mnt/1tb/wppa-source/album-138/P1000970.JPG	"/mnt/1tb/onedrive/Pictures/Other Photos/1964 - 2015 Original Photos/2012-13 Originals/P1000970.JPG"	356416	4236800
3617	"2012-13 NZ Dec 2012 - Jan 2013"	P1000971.JPG	/mnt/1tb/wppa-source/album-138/P1000971.JPG	"/mnt/1tb/onedrive/Pictures/Other Photos/1964 - 2015 Original Photos/2012-13 Originals/P1000971.JPG"	234457	3526144
3618	"2012-13 NZ Dec 2012 - Jan 2013"	P1000981.JPG	/mnt/1tb/wppa-source/album-138/P1000981.JPG	"/mnt/1tb/onedrive/Pictures/Other Photos/1964 - 2015 Original Photos/2012-13 Originals/P1000981.JPG"	189199	3506176
3619	"2012-13 NZ Dec 2012 - Jan 2013"	P1000989.JPG	/mnt/1tb/wppa-source/album-138/P1000989.JPG	"/mnt/1tb/onedrive/Pictures/Other Photos/1964 - 2015 Original Photos/2012-13 Originals/P1000989.JPG"	387998	4188672
3620	"2012-13 NZ Dec 2012 - Jan 2013"	P1000991.JPG	/mnt/1tb/wppa-source/album-138/P1000991.JPG	"/mnt/1tb/onedrive/Pictures/Other Photos/1964 - 2015 Original Photos/2012-13 Originals/P1000991.JPG"	725237	4296704
3621	"2012-13 NZ Dec 2012 - Jan 2013"	P1000995.JPG	/mnt/1tb/wppa-source/album-138/P1000995.JPG	"/mnt/1tb/onedrive/Pictures/Other Photos/1964 - 2015 Original Photos/2012-13 Originals/P1000995.JPG"	422406	3993600
3622	"2012-13 NZ Dec 2012 - Jan 2013"	P1000999.JPG	/mnt/1tb/wppa-source/album-138/P1000999.JPG	"/mnt/1tb/onedrive/Pictures/Other Photos/1964 - 2015 Original Photos/2012-13 Originals/P1000999.JPG"	367017	4120064
3627	"2012-13 NZ Dec 2012 - Jan 2013"	P1010018.JPG	/mnt/1tb/wppa-source/album-138/P1010018.JPG	"/mnt/1tb/onedrive/Pictures/Other Photos/1964 - 2015 Original Photos/2012-13 Originals/P1010018.JPG"	352628	4185088
3628	"2012-13 NZ Dec 2012 - Jan 2013"	P1010022.JPG	/mnt/1tb/wppa-source/album-138/P1010022.JPG	"/mnt/1tb/onedrive/Pictures/Other Photos/1964 - 2015 Original Photos/2012-13 Originals/P1010022.JPG"	422528	444928
3630	"2012-13 NZ Dec 2012 - Jan 2013"	P1010029.JPG	/mnt/1tb/wppa-source/album-138/P1010029.JPG	"/mnt/1tb/onedrive/Pictures/Other Photos/1964 - 2015 Original Photos/2012-13 Originals/P1010029.JPG"	1046305	4186112
3636	"2012-13 NZ Dec 2012 - Jan 2013"	P1010053.JPG	/mnt/1tb/wppa-source/album-138/P1010053.JPG	"/mnt/1tb/onedrive/Pictures/Other Photos/1964 - 2015 Original Photos/2012-13 Originals/P1010053.JPG"	556059	4093440
3637	"2012-13 NZ Dec 2012 - Jan 2013"	P1010059.JPG	/mnt/1tb/wppa-source/album-138/P1010059.JPG	"/mnt/1tb/onedrive/Pictures/Other Photos/1964 - 2015 Original Photos/2012-13 Originals/P1010059.JPG"	504591	4356096
3638	"2012-13 NZ Dec 2012 - Jan 2013"	P1010063.JPG	/mnt/1tb/wppa-source/album-138/P1010063.JPG	"/mnt/1tb/onedrive/Pictures/Other Photos/1964 - 2015 Original Photos/2012-13 Originals/P1010063.JPG"	496987	4364288
3639	"2012-13 NZ Dec 2012 - Jan 2013"	P1010064.JPG	/mnt/1tb/wppa-source/album-138/P1010064.JPG	"/mnt/1tb/onedrive/Pictures/Other Photos/1964 - 2015 Original Photos/2012-13 Originals/P1010064.JPG"	787777	4026368
3640	"2012-13 NZ Dec 2012 - Jan 2013"	P1010071.JPG	/mnt/1tb/wppa-source/album-138/P1010071.JPG	"/mnt/1tb/onedrive/Pictures/Other Photos/1964 - 2015 Original Photos/2012-13 Originals/P1010071.JPG"	654338	4396544
3641	"2012-13 NZ Dec 2012 - Jan 2013"	P1010072.JPG	/mnt/1tb/wppa-source/album-138/P1010072.JPG	"/mnt/1tb/onedrive/Pictures/Other Photos/1964 - 2015 Original Photos/2012-13 Originals/P1010072.JPG"	432911	4141568
3642	"2012-13 NZ Dec 2012 - Jan 2013"	P1010074.JPG	/mnt/1tb/wppa-source/album-138/P1010074.JPG	"/mnt/1tb/onedrive/Pictures/Other Photos/1964 - 2015 Original Photos/2012-13 Originals/P1010074.JPG"	767470	4563456
3643	"2012-13 NZ Dec 2012 - Jan 2013"	P1010076.JPG	/mnt/1tb/wppa-source/album-138/P1010076.JPG	"/mnt/1tb/onedrive/Pictures/Other Photos/1964 - 2015 Original Photos/2012-13 Originals/P1010076.JPG"	993710	4229632
3644	"2012-13 NZ Dec 2012 - Jan 2013"	P1010077.JPG	/mnt/1tb/wppa-source/album-138/P1010077.JPG	"/mnt/1tb/onedrive/Pictures/Other Photos/1964 - 2015 Original Photos/2012-13 Originals/P1010077.JPG"	656825	4577280
3645	"2012-13 NZ Dec 2012 - Jan 2013"	P1010078.JPG	/mnt/1tb/wppa-source/album-138/P1010078.JPG	"/mnt/1tb/onedrive/Pictures/Other Photos/1964 - 2015 Original Photos/2012-13 Originals/P1010078.JPG"	814348	4056064
3646	"2012-13 NZ Dec 2012 - Jan 2013"	P1010079.JPG	/mnt/1tb/wppa-source/album-138/P1010079.JPG	"/mnt/1tb/onedrive/Pictures/Other Photos/1964 - 2015 Original Photos/2012-13 Originals/P1010079.JPG"	540538	4325888
3647	"2012-13 NZ Dec 2012 - Jan 2013"	P1010080.JPG	/mnt/1tb/wppa-source/album-138/P1010080.JPG	"/mnt/1tb/onedrive/Pictures/Other Photos/1964 - 2015 Original Photos/2012-13 Originals/P1010080.JPG"	662411	4434432
3648	"2012-13 NZ Dec 2012 - Jan 2013"	P1010083.JPG	/mnt/1tb/wppa-source/album-138/P1010083.JPG	"/mnt/1tb/onedrive/Pictures/Other Photos/1964 - 2015 Original Photos/2012-13 Originals/P1010083.JPG"	753557	4044288
3649	"2012-13 NZ Dec 2012 - Jan 2013"	P1010086.JPG	/mnt/1tb/wppa-source/album-138/P1010086.JPG	"/mnt/1tb/onedrive/Pictures/Other Photos/1964 - 2015 Original Photos/2012-13 Originals/P1010086.JPG"	610717	4233216
3650	"2012-13 NZ Dec 2012 - Jan 2013"	P1010088.JPG	/mnt/1tb/wppa-source/album-138/P1010088.JPG	"/mnt/1tb/onedrive/Pictures/Other Photos/1964 - 2015 Original Photos/2012-13 Originals/P1010088.JPG"	414128	4089344
3651	"2012-13 NZ Dec 2012 - Jan 2013"	P1010090.JPG	/mnt/1tb/wppa-source/album-138/P1010090.JPG	"/mnt/1tb/onedrive/Pictures/Other Photos/1964 - 2015 Original Photos/2012-13 Originals/P1010090.JPG"	1006355	4192256
3652	"2012-13 NZ Dec 2012 - Jan 2013"	P1010091.JPG	/mnt/1tb/wppa-source/album-138/P1010091.JPG	"/mnt/1tb/onedrive/Pictures/Other Photos/1964 - 2015 Original Photos/2012-13 Originals/P1010091.JPG"	1032234	4191744
3653	"2012-13 NZ Dec 2012 - Jan 2013"	P1010092.JPG	/mnt/1tb/wppa-source/album-138/P1010092.JPG	"/mnt/1tb/onedrive/Pictures/Other Photos/1964 - 2015 Original Photos/2012-13 Originals/P1010092.JPG"	773799	4048384
3654	"2012-13 NZ Dec 2012 - Jan 2013"	P1010093.JPG	/mnt/1tb/wppa-source/album-138/P1010093.JPG	"/mnt/1tb/onedrive/Pictures/Other Photos/1964 - 2015 Original Photos/2012-13 Originals/P1010093.JPG"	1086420	4321792
3655	"2012-13 NZ Dec 2012 - Jan 2013"	P1010094.JPG	/mnt/1tb/wppa-source/album-138/P1010094.JPG	"/mnt/1tb/onedrive/Pictures/Other Photos/1964 - 2015 Original Photos/2012-13 Originals/P1010094.JPG"	1031974	4153856
3656	"2012-13 NZ Dec 2012 - Jan 2013"	P1010095.JPG	/mnt/1tb/wppa-source/album-138/P1010095.JPG	"/mnt/1tb/onedrive/Pictures/Other Photos/1964 - 2015 Original Photos/2012-13 Originals/P1010095.JPG"	686923	4429312
3657	"2012-13 NZ Dec 2012 - Jan 2013"	P1010096.JPG	/mnt/1tb/wppa-source/album-138/P1010096.JPG	"/mnt/1tb/onedrive/Pictures/Other Photos/1964 - 2015 Original Photos/2012-13 Originals/P1010096.JPG"	476487	3043755
3658	"2012-13 NZ Dec 2012 - Jan 2013"	P1010097.JPG	/mnt/1tb/wppa-source/album-138/P1010097.JPG	"/mnt/1tb/onedrive/Pictures/Other Photos/1964 - 2015 Original Photos/2012-13 Originals/P1010097.JPG"	346997	3888640
3659	"2012-13 NZ Dec 2012 - Jan 2013"	P1010098.JPG	/mnt/1tb/wppa-source/album-138/P1010098.JPG	"/mnt/1tb/onedrive/Pictures/Other Photos/1964 - 2015 Original Photos/2012-13 Originals/P1010098.JPG"	498966	4157952
3660	"2012-13 NZ Dec 2012 - Jan 2013"	P1010102.JPG	/mnt/1tb/wppa-source/album-138/P1010102.JPG	"/mnt/1tb/onedrive/Pictures/Other Photos/1964 - 2015 Original Photos/2012-13 Originals/P1010102.JPG"	520464	4229632
3661	"2012-13 NZ Dec 2012 - Jan 2013"	P1010103.JPG	/mnt/1tb/wppa-source/album-138/P1010103.JPG	"/mnt/1tb/onedrive/Pictures/Other Photos/1964 - 2015 Original Photos/2012-13 Originals/P1010103.JPG"	812296	4178944
3662	"2012-13 NZ Dec 2012 - Jan 2013"	P1010104.JPG	/mnt/1tb/wppa-source/album-138/P1010104.JPG	"/mnt/1tb/onedrive/Pictures/Other Photos/1964 - 2015 Original Photos/2012-13 Originals/P1010104.JPG"	729998	4428800
3663	"2012-13 NZ Dec 2012 - Jan 2013"	P1010105.JPG	/mnt/1tb/wppa-source/album-138/P1010105.JPG	"/mnt/1tb/onedrive/Pictures/Other Photos/1964 - 2015 Original Photos/2012-13 Originals/P1010105.JPG"	877215	4273152
3664	"2012-13 NZ Dec 2012 - Jan 2013"	P1010107.JPG	/mnt/1tb/wppa-source/album-138/P1010107.JPG	"/mnt/1tb/onedrive/Pictures/Other Photos/1964 - 2015 Original Photos/2012-13 Originals/P1010107.JPG"	312496	3971584
3665	"2012-13 NZ Dec 2012 - Jan 2013"	P1010108.JPG	/mnt/1tb/wppa-source/album-138/P1010108.JPG	"/mnt/1tb/onedrive/Pictures/Other Photos/1964 - 2015 Original Photos/2012-13 Originals/P1010108.JPG"	747535	4319232
3666	"2012-13 NZ Dec 2012 - Jan 2013"	P1010113.JPG	/mnt/1tb/wppa-source/album-138/P1010113.JPG	"/mnt/1tb/onedrive/Pictures/Other Photos/1964 - 2015 Original Photos/2012-13 Originals/P1010113.JPG"	177601	3371008
3667	"2012-13 NZ Dec 2012 - Jan 2013"	P1010115.JPG	/mnt/1tb/wppa-source/album-138/P1010115.JPG	"/mnt/1tb/onedrive/Pictures/Other Photos/1964 - 2015 Original Photos/2012-13 Originals/P1010115.JPG"	179391	3371008
3668	"2012-13 NZ Dec 2012 - Jan 2013"	P1010117.JPG	/mnt/1tb/wppa-source/album-138/P1010117.JPG	"/mnt/1tb/onedrive/Pictures/Other Photos/1964 - 2015 Original Photos/2012-13 Originals/P1010117.JPG"	730073	4461568
3669	"2012-13 NZ Dec 2012 - Jan 2013"	P1010119.JPG	/mnt/1tb/wppa-source/album-138/P1010119.JPG	"/mnt/1tb/onedrive/Pictures/Other Photos/1964 - 2015 Original Photos/2012-13 Originals/P1010119.JPG"	902840	4192768
3670	"2012-13 NZ Dec 2012 - Jan 2013"	P1010120.JPG	/mnt/1tb/wppa-source/album-138/P1010120.JPG	"/mnt/1tb/onedrive/Pictures/Other Photos/1964 - 2015 Original Photos/2012-13 Originals/P1010120.JPG"	423546	4187136
3671	"2012-13 NZ Dec 2012 - Jan 2013"	P1010130.JPG	/mnt/1tb/wppa-source/album-138/P1010130.JPG	"/mnt/1tb/onedrive/Pictures/Other Photos/1964 - 2015 Original Photos/2012-13 Originals/P1010130.JPG"	120034	2099244
3672	"2012-13 NZ Dec 2012 - Jan 2013"	P1010131.JPG	/mnt/1tb/wppa-source/album-138/P1010131.JPG	"/mnt/1tb/onedrive/Pictures/Other Photos/1964 - 2015 Original Photos/2012-13 Originals/P1010131.JPG"	167503	2774016
3673	"2012-13 NZ Dec 2012 - Jan 2013"	P1010133.JPG	/mnt/1tb/wppa-source/album-138/P1010133.JPG	"/mnt/1tb/onedrive/Pictures/Other Photos/1964 - 2015 Original Photos/2012-13 Originals/P1010133.JPG"	471586	4432384
3674	"2012-13 NZ Dec 2012 - Jan 2013"	P1010134.JPG	/mnt/1tb/wppa-source/album-138/P1010134.JPG	"/mnt/1tb/onedrive/Pictures/Other Photos/1964 - 2015 Original Photos/2012-13 Originals/P1010134.JPG"	515860	4255744
3675	"2012-13 NZ Dec 2012 - Jan 2013"	P1010138.JPG	/mnt/1tb/wppa-source/album-138/P1010138.JPG	"/mnt/1tb/onedrive/Pictures/Other Photos/1964 - 2015 Original Photos/2012-13 Originals/P1010138.JPG"	720363	4480000
3676	"2012-13 NZ Dec 2012 - Jan 2013"	P1010141.JPG	/mnt/1tb/wppa-source/album-138/P1010141.JPG	"/mnt/1tb/onedrive/Pictures/Other Photos/1964 - 2015 Original Photos/2012-13 Originals/P1010141.JPG"	1109095	4365312
3677	"2012-13 NZ Dec 2012 - Jan 2013"	P1010145.JPG	/mnt/1tb/wppa-source/album-138/P1010145.JPG	"/mnt/1tb/onedrive/Pictures/Other Photos/1964 - 2015 Original Photos/2012-13 Originals/P1010145.JPG"	792941	4032000
3678	"2012-13 NZ Dec 2012 - Jan 2013"	P1010146.JPG	/mnt/1tb/wppa-source/album-138/P1010146.JPG	"/mnt/1tb/onedrive/Pictures/Other Photos/1964 - 2015 Original Photos/2012-13 Originals/P1010146.JPG"	692905	4461056
3679	"2012-13 NZ Dec 2012 - Jan 2013"	P1010148.JPG	/mnt/1tb/wppa-source/album-138/P1010148.JPG	"/mnt/1tb/onedrive/Pictures/Other Photos/1964 - 2015 Original Photos/2012-13 Originals/P1010148.JPG"	622301	4383232
3680	"2012-13 NZ Dec 2012 - Jan 2013"	P1010151.JPG	/mnt/1tb/wppa-source/album-138/P1010151.JPG	"/mnt/1tb/onedrive/Pictures/Other Photos/1964 - 2015 Original Photos/2012-13 Originals/P1010151.JPG"	449016	4023296
3681	"2012-13 NZ Dec 2012 - Jan 2013"	P1010165.JPG	/mnt/1tb/wppa-source/album-138/P1010165.JPG	"/mnt/1tb/onedrive/Pictures/Other Photos/1964 - 2015 Original Photos/2012-13 Originals/P1010165.JPG"	758770	4090880
3682	"2012-13 NZ Dec 2012 - Jan 2013"	P1010171.JPG	/mnt/1tb/wppa-source/album-138/P1010171.JPG	"/mnt/1tb/onedrive/Pictures/Other Photos/1964 - 2015 Original Photos/2012-13 Originals/P1010171.JPG"	150543	2785792
3683	"2012-13 NZ Dec 2012 - Jan 2013"	P1010172.JPG	/mnt/1tb/wppa-source/album-138/P1010172.JPG	"/mnt/1tb/onedrive/Pictures/Other Photos/1964 - 2015 Original Photos/2012-13 Originals/P1010172.JPG"	300088	3643392
3684	"2012-13 NZ Dec 2012 - Jan 2013"	P1010173.JPG	/mnt/1tb/wppa-source/album-138/P1010173.JPG	"/mnt/1tb/onedrive/Pictures/Other Photos/1964 - 2015 Original Photos/2012-13 Originals/P1010173.JPG"	944855	4290048
3685	"2012-13 NZ Dec 2012 - Jan 2013"	P1010175.JPG	/mnt/1tb/wppa-source/album-138/P1010175.JPG	"/mnt/1tb/onedrive/Pictures/Other Photos/1964 - 2015 Original Photos/2012-13 Originals/P1010175.JPG"	645335	4353024
3686	"2012-13 NZ Dec 2012 - Jan 2013"	P1010181.JPG	/mnt/1tb/wppa-source/album-138/P1010181.JPG	"/mnt/1tb/onedrive/Pictures/Other Photos/1964 - 2015 Original Photos/2012-13 Originals/P1010181.JPG"	276303	3810304
3687	"2012-13 NZ Dec 2012 - Jan 2013"	P1010185.JPG	/mnt/1tb/wppa-source/album-138/P1010185.JPG	"/mnt/1tb/onedrive/Pictures/Other Photos/1964 - 2015 Original Photos/2012-13 Originals/P1010185.JPG"	188283	3312640
3688	"2012-13 NZ Dec 2012 - Jan 2013"	P1010190.JPG	/mnt/1tb/wppa-source/album-138/P1010190.JPG	"/mnt/1tb/onedrive/Pictures/Other Photos/1964 - 2015 Original Photos/2012-13 Originals/P1010190.JPG"	410646	4233216
3689	"2012-13 NZ Dec 2012 - Jan 2013"	P1010193.JPG	/mnt/1tb/wppa-source/album-138/P1010193.JPG	"/mnt/1tb/onedrive/Pictures/Other Photos/1964 - 2015 Original Photos/2012-13 Originals/P1010193.JPG"	1082174	4356096
3690	"2012-13 NZ Dec 2012 - Jan 2013"	P1010195.JPG	/mnt/1tb/wppa-source/album-138/P1010195.JPG	"/mnt/1tb/onedrive/Pictures/Other Photos/1964 - 2015 Original Photos/2012-13 Originals/P1010195.JPG"	857228	4233216
3691	"2012-13 NZ Dec 2012 - Jan 2013"	P1010197.JPG	/mnt/1tb/wppa-source/album-138/P1010197.JPG	"/mnt/1tb/onedrive/Pictures/Other Photos/1964 - 2015 Original Photos/2012-13 Originals/P1010197.JPG"	553466	4172800
3692	"2012-13 NZ Dec 2012 - Jan 2013"	P1010201.JPG	/mnt/1tb/wppa-source/album-138/P1010201.JPG	"/mnt/1tb/onedrive/Pictures/Other Photos/1964 - 2015 Original Photos/2012-13 Originals/P1010201.JPG"	828383	4139520
3693	"2012-13 NZ Dec 2012 - Jan 2013"	P1010206.JPG	/mnt/1tb/wppa-source/album-138/P1010206.JPG	"/mnt/1tb/onedrive/Pictures/Other Photos/1964 - 2015 Original Photos/2012-13 Originals/P1010206.JPG"	666555	4464640
3694	"2012-13 NZ Dec 2012 - Jan 2013"	P1010208.JPG	/mnt/1tb/wppa-source/album-138/P1010208.JPG	"/mnt/1tb/onedrive/Pictures/Other Photos/1964 - 2015 Original Photos/2012-13 Originals/P1010208.JPG"	412512	4148224
3695	"2012-13 NZ Dec 2012 - Jan 2013"	P1010213.JPG	/mnt/1tb/wppa-source/album-138/P1010213.JPG	"/mnt/1tb/onedrive/Pictures/Other Photos/1964 - 2015 Original Photos/2012-13 Originals/P1010213.JPG"	196199	221696
3696	"2012-13 NZ Dec 2012 - Jan 2013"	P1010217.JPG	/mnt/1tb/wppa-source/album-138/P1010217.JPG	"/mnt/1tb/onedrive/Pictures/Other Photos/1964 - 2015 Original Photos/2012-13 Originals/P1010217.JPG"	296059	4119552
3697	"2012-13 NZ Dec 2012 - Jan 2013"	P1010218.JPG	/mnt/1tb/wppa-source/album-138/P1010218.JPG	"/mnt/1tb/onedrive/Pictures/Other Photos/1964 - 2015 Original Photos/2012-13 Originals/P1010218.JPG"	205953	2980864
3698	"2012-13 NZ Dec 2012 - Jan 2013"	P1010239.JPG	/mnt/1tb/wppa-source/album-138/P1010239.JPG	"/mnt/1tb/onedrive/Pictures/Other Photos/1964 - 2015 Original Photos/2012-13 Originals/P1010239.JPG"	806611	2948425
3699	"2012-13 NZ Dec 2012 - Jan 2013"	P1010243.JPG	/mnt/1tb/wppa-source/album-138/P1010243.JPG	"/mnt/1tb/onedrive/Pictures/Other Photos/1964 - 2015 Original Photos/2012-13 Originals/P1010243.JPG"	1025551	4146176
3700	"2012-13 NZ Dec 2012 - Jan 2013"	P1010248.JPG	/mnt/1tb/wppa-source/album-138/P1010248.JPG	"/mnt/1tb/onedrive/Pictures/Other Photos/1964 - 2015 Original Photos/2012-13 Originals/P1010248.JPG"	280465	4021248
3701	"2012-13 NZ Dec 2012 - Jan 2013"	P1010251.JPG	/mnt/1tb/wppa-source/album-138/P1010251.JPG	"/mnt/1tb/onedrive/Pictures/Other Photos/1964 - 2015 Original Photos/2012-13 Originals/P1010251.JPG"	757749	4082176
3702	"2012-13 NZ Dec 2012 - Jan 2013"	P1010255.JPG	/mnt/1tb/wppa-source/album-138/P1010255.JPG	"/mnt/1tb/onedrive/Pictures/Other Photos/1964 - 2015 Original Photos/2012-13 Originals/P1010255.JPG"	780570	4451328
3703	"2012-13 NZ Dec 2012 - Jan 2013"	P1010256.JPG	/mnt/1tb/wppa-source/album-138/P1010256.JPG	"/mnt/1tb/onedrive/Pictures/Other Photos/1964 - 2015 Original Photos/2012-13 Originals/P1010256.JPG"	593658	4203520
3704	"2012-13 NZ Dec 2012 - Jan 2013"	P1010257.JPG	/mnt/1tb/wppa-source/album-138/P1010257.JPG	"/mnt/1tb/onedrive/Pictures/Other Photos/1964 - 2015 Original Photos/2012-13 Originals/P1010257.JPG"	343874	4054016
3705	"2012-13 NZ Dec 2012 - Jan 2013"	P1010262.JPG	/mnt/1tb/wppa-source/album-138/P1010262.JPG	"/mnt/1tb/onedrive/Pictures/Other Photos/1964 - 2015 Original Photos/2012-13 Originals/P1010262.JPG"	343576	4093440
3706	"2012-13 NZ Dec 2012 - Jan 2013"	P1010264.JPG	/mnt/1tb/wppa-source/album-138/P1010264.JPG	"/mnt/1tb/onedrive/Pictures/Other Photos/1964 - 2015 Original Photos/2012-13 Originals/P1010264.JPG"	212044	3677696
3707	"2012-13 NZ Dec 2012 - Jan 2013"	P1010265.JPG	/mnt/1tb/wppa-source/album-138/P1010265.JPG	"/mnt/1tb/onedrive/Pictures/Other Photos/1964 - 2015 Original Photos/2012-13 Originals/P1010265.JPG"	503358	4265984
3708	"2012-13 NZ Dec 2012 - Jan 2013"	P1010266.JPG	/mnt/1tb/wppa-source/album-138/P1010266.JPG	"/mnt/1tb/onedrive/Pictures/Other Photos/1964 - 2015 Original Photos/2012-13 Originals/P1010266.JPG"	802663	4064768
3709	"2012-13 NZ Dec 2012 - Jan 2013"	P1010267.JPG	/mnt/1tb/wppa-source/album-138/P1010267.JPG	"/mnt/1tb/onedrive/Pictures/Other Photos/1964 - 2015 Original Photos/2012-13 Originals/P1010267.JPG"	980329	4280832
3710	"2012-13 NZ Dec 2012 - Jan 2013"	P1010277.JPG	/mnt/1tb/wppa-source/album-138/P1010277.JPG	"/mnt/1tb/onedrive/Pictures/Other Photos/1964 - 2015 Original Photos/2012-13 Originals/P1010277.JPG"	667941	3115810
3711	"2012-13 NZ Dec 2012 - Jan 2013"	P1010281.JPG	/mnt/1tb/wppa-source/album-138/P1010281.JPG	"/mnt/1tb/onedrive/Pictures/Other Photos/1964 - 2015 Original Photos/2012-13 Originals/P1010281.JPG"	729446	4271616
3712	"2012-13 NZ Dec 2012 - Jan 2013"	P1010286.JPG	/mnt/1tb/wppa-source/album-138/P1010286.JPG	"/mnt/1tb/onedrive/Pictures/Other Photos/1964 - 2015 Original Photos/2012-13 Originals/P1010286.JPG"	120912	2219008
3713	"2012-13 NZ Dec 2012 - Jan 2013"	P1010290.JPG	/mnt/1tb/wppa-source/album-138/P1010290.JPG	"/mnt/1tb/onedrive/Pictures/Other Photos/1964 - 2015 Original Photos/2012-13 Originals/P1010290.JPG"	140911	2575360
3714	"2012-13 NZ Dec 2012 - Jan 2013"	P1010292.JPG	/mnt/1tb/wppa-source/album-138/P1010292.JPG	"/mnt/1tb/onedrive/Pictures/Other Photos/1964 - 2015 Original Photos/2012-13 Originals/P1010292.JPG"	173169	3343360
3715	"2012-13 NZ Dec 2012 - Jan 2013"	P1010293.JPG	/mnt/1tb/wppa-source/album-138/P1010293.JPG	"/mnt/1tb/onedrive/Pictures/Other Photos/1964 - 2015 Original Photos/2012-13 Originals/P1010293.JPG"	657928	4351488
3716	"2012-13 NZ Dec 2012 - Jan 2013"	P1010294.JPG	/mnt/1tb/wppa-source/album-138/P1010294.JPG	"/mnt/1tb/onedrive/Pictures/Other Photos/1964 - 2015 Original Photos/2012-13 Originals/P1010294.JPG"	115700	2580992
3717	"2012-13 NZ Dec 2012 - Jan 2013"	P1010296.JPG	/mnt/1tb/wppa-source/album-138/P1010296.JPG	"/mnt/1tb/onedrive/Pictures/Other Photos/1964 - 2015 Original Photos/2012-13 Originals/P1010296.JPG"	513665	4295680
3718	"2012-13 NZ Dec 2012 - Jan 2013"	P1010298.JPG	/mnt/1tb/wppa-source/album-138/P1010298.JPG	"/mnt/1tb/onedrive/Pictures/Other Photos/1964 - 2015 Original Photos/2012-13 Originals/P1010298.JPG"	278205	3713536
3719	"2012-13 NZ Dec 2012 - Jan 2013"	P1010321.JPG	/mnt/1tb/wppa-source/album-138/P1010321.JPG	"/mnt/1tb/onedrive/Pictures/Other Photos/1964 - 2015 Original Photos/2012-13 Originals/P1010321.JPG"	100169	2970624
4345	"2012 Return to Wilsons Promontory"	P1000059.JPG	/mnt/1tb/wppa-source/album-148/P1000059.JPG	"/mnt/1tb/onedrive/Pictures/Other Photos/1964 - 2015 Original Photos/2012-13 Originals/P1000059.JPG"	279373	3635200
4346	"2012 Return to Wilsons Promontory"	P1000060.JPG	/mnt/1tb/wppa-source/album-148/P1000060.JPG	"/mnt/1tb/onedrive/Pictures/Other Photos/1964 - 2015 Original Photos/2012-13 Originals/P1000060.JPG"	267418	3430400
4347	"2012 Return to Wilsons Promontory"	P1000068.JPG	/mnt/1tb/wppa-source/album-148/P1000068.JPG	"/mnt/1tb/onedrive/Pictures/Other Photos/1964 - 2015 Original Photos/2012-13 Originals/P1000068.JPG"	269502	3669504
4348	"2012 Return to Wilsons Promontory"	P1000072.JPG	/mnt/1tb/wppa-source/album-148/P1000072.JPG	"/mnt/1tb/onedrive/Pictures/Other Photos/1964 - 2015 Original Photos/2012-13 Originals/P1000072.JPG"	395130	4277760
4349	"2012 Return to Wilsons Promontory"	P1000098.JPG	/mnt/1tb/wppa-source/album-148/P1000098.JPG	"/mnt/1tb/onedrive/Pictures/Other Photos/1964 - 2015 Original Photos/2012-13 Originals/P1000098.JPG"	897639	4344320
4350	"2012 Return to Wilsons Promontory"	P1000100.JPG	/mnt/1tb/wppa-source/album-148/P1000100.JPG	"/mnt/1tb/onedrive/Pictures/Other Photos/1964 - 2015 Original Photos/2012-13 Originals/P1000100.JPG"	291352	4226048
4351	"2012 Return to Wilsons Promontory"	P1000106.JPG	/mnt/1tb/wppa-source/album-148/P1000106.JPG	"/mnt/1tb/onedrive/Pictures/Other Photos/1964 - 2015 Original Photos/2012-13 Originals/P1000106.JPG"	398705	4063232
4352	"2012 Return to Wilsons Promontory"	P1000110.JPG	/mnt/1tb/wppa-source/album-148/P1000110.JPG	"/mnt/1tb/onedrive/Pictures/Other Photos/1964 - 2015 Original Photos/2012-13 Originals/P1000110.JPG"	389636	2932932
4353	"2012 Return to Wilsons Promontory"	P1000123.JPG	/mnt/1tb/wppa-source/album-148/P1000123.JPG	"/mnt/1tb/onedrive/Pictures/Other Photos/1964 - 2015 Original Photos/2012-13 Originals/P1000123.JPG"	958479	4354560
4354	"2012 Return to Wilsons Promontory"	P1000125.JPG	/mnt/1tb/wppa-source/album-148/P1000125.JPG	"/mnt/1tb/onedrive/Pictures/Other Photos/1964 - 2015 Original Photos/2012-13 Originals/P1000125.JPG"	272710	3936256
4355	"2012 Return to Wilsons Promontory"	P1000134.JPG	/mnt/1tb/wppa-source/album-148/P1000134.JPG	"/mnt/1tb/onedrive/Pictures/Other Photos/1964 - 2015 Original Photos/2012-13 Originals/P1000134.JPG"	532244	4085248
4356	"2012 Return to Wilsons Promontory"	P1000135.JPG	/mnt/1tb/wppa-source/album-148/P1000135.JPG	"/mnt/1tb/onedrive/Pictures/Other Photos/1964 - 2015 Original Photos/2012-13 Originals/P1000135.JPG"	273133	3703808
4357	"2012 Return to Wilsons Promontory"	P1000147.JPG	/mnt/1tb/wppa-source/album-148/P1000147.JPG	"/mnt/1tb/onedrive/Pictures/Other Photos/1964 - 2015 Original Photos/2012-13 Originals/P1000147.JPG"	302139	4151808
4358	"2012 Return to Wilsons Promontory"	P1000167.JPG	/mnt/1tb/wppa-source/album-148/P1000167.JPG	"/mnt/1tb/onedrive/Pictures/Other Photos/1964 - 2015 Original Photos/2012-13 Originals/P1000167.JPG"	321110	4019200
4359	"2012 Return to Wilsons Promontory"	P1000171.JPG	/mnt/1tb/wppa-source/album-148/P1000171.JPG	"/mnt/1tb/onedrive/Pictures/Other Photos/1964 - 2015 Original Photos/2012-13 Originals/P1000171.JPG"	172430	3085824
4360	"2012 Return to Wilsons Promontory"	P1000174.JPG	/mnt/1tb/wppa-source/album-148/P1000174.JPG	"/mnt/1tb/onedrive/Pictures/Other Photos/1964 - 2015 Original Photos/2012-13 Originals/P1000174.JPG"	313433	4073472
4361	"2012 Return to Wilsons Promontory"	P1000177.JPG	/mnt/1tb/wppa-source/album-148/P1000177.JPG	"/mnt/1tb/onedrive/Pictures/Other Photos/1964 - 2015 Original Photos/2012-13 Originals/P1000177.JPG"	70685	2840064
4362	"2012 Return to Wilsons Promontory"	P1000203.JPG	/mnt/1tb/wppa-source/album-148/P1000203.JPG	"/mnt/1tb/onedrive/Pictures/Other Photos/1964 - 2015 Original Photos/2012-13 Originals/P1000203.JPG"	732000	4316672
4571	"2013 The Great Ocean Walk"	P1010330.JPG	/mnt/1tb/wppa-source/album-150/P1010330.JPG	"/mnt/1tb/onedrive/Pictures/Other Photos/1964 - 2015 Original Photos/2012-13 Originals/P1010330.JPG"	703860	4469248
4572	"2013 The Great Ocean Walk"	P1010331.JPG	/mnt/1tb/wppa-source/album-150/P1010331.JPG	"/mnt/1tb/onedrive/Pictures/Other Photos/1964 - 2015 Original Photos/2012-13 Originals/P1010331.JPG"	662765	4349952
4573	"2013 The Great Ocean Walk"	P1010343.JPG	/mnt/1tb/wppa-source/album-150/P1010343.JPG	"/mnt/1tb/onedrive/Pictures/Other Photos/1964 - 2015 Original Photos/2012-13 Originals/P1010343.JPG"	350532	4111360
4574	"2013 The Great Ocean Walk"	P1010344.JPG	/mnt/1tb/wppa-source/album-150/P1010344.JPG	"/mnt/1tb/onedrive/Pictures/Other Photos/1964 - 2015 Original Photos/2012-13 Originals/P1010344.JPG"	842070	4150272
4575	"2013 The Great Ocean Walk"	P1010345.JPG	/mnt/1tb/wppa-source/album-150/P1010345.JPG	"/mnt/1tb/onedrive/Pictures/Other Photos/1964 - 2015 Original Photos/2012-13 Originals/P1010345.JPG"	598253	4176896
4576	"2013 The Great Ocean Walk"	P1010347.JPG	/mnt/1tb/wppa-source/album-150/P1010347.JPG	"/mnt/1tb/onedrive/Pictures/Other Photos/1964 - 2015 Original Photos/2012-13 Originals/P1010347.JPG"	742991	4075520
4577	"2013 The Great Ocean Walk"	P1010348.JPG	/mnt/1tb/wppa-source/album-150/P1010348.JPG	"/mnt/1tb/onedrive/Pictures/Other Photos/1964 - 2015 Original Photos/2012-13 Originals/P1010348.JPG"	1259819	4447232
4578	"2013 The Great Ocean Walk"	P1010350.JPG	/mnt/1tb/wppa-source/album-150/P1010350.JPG	"/mnt/1tb/onedrive/Pictures/Other Photos/1964 - 2015 Original Photos/2012-13 Originals/P1010350.JPG"	442427	4097536
4579	"2013 The Great Ocean Walk"	P1010352.JPG	/mnt/1tb/wppa-source/album-150/P1010352.JPG	"/mnt/1tb/onedrive/Pictures/Other Photos/1964 - 2015 Original Photos/2012-13 Originals/P1010352.JPG"	453533	4064256
4580	"2013 The Great Ocean Walk"	P1010359.JPG	/mnt/1tb/wppa-source/album-150/P1010359.JPG	"/mnt/1tb/onedrive/Pictures/Other Photos/1964 - 2015 Original Photos/2012-13 Originals/P1010359.JPG"	541245	4430848
4581	"2013 The Great Ocean Walk"	P1010364.JPG	/mnt/1tb/wppa-source/album-150/P1010364.JPG	"/mnt/1tb/onedrive/Pictures/Other Photos/1964 - 2015 Original Photos/2012-13 Originals/P1010364.JPG"	386847	4163072
4582	"2013 The Great Ocean Walk"	P1010367.JPG	/mnt/1tb/wppa-source/album-150/P1010367.JPG	"/mnt/1tb/onedrive/Pictures/Other Photos/1964 - 2015 Original Photos/2012-13 Originals/P1010367.JPG"	479195	4254720
4583	"2013 The Great Ocean Walk"	P1010371.JPG	/mnt/1tb/wppa-source/album-150/P1010371.JPG	"/mnt/1tb/onedrive/Pictures/Other Photos/1964 - 2015 Original Photos/2012-13 Originals/P1010371.JPG"	680077	4403200
4584	"2013 The Great Ocean Walk"	P1010373.JPG	/mnt/1tb/wppa-source/album-150/P1010373.JPG	"/mnt/1tb/onedrive/Pictures/Other Photos/1964 - 2015 Original Photos/2012-13 Originals/P1010373.JPG"	1036719	4270592
4585	"2013 The Great Ocean Walk"	P1010377.JPG	/mnt/1tb/wppa-source/album-150/P1010377.JPG	"/mnt/1tb/onedrive/Pictures/Other Photos/1964 - 2015 Original Photos/2012-13 Originals/P1010377.JPG"	780669	3973120
4586	"2013 The Great Ocean Walk"	P1010381.JPG	/mnt/1tb/wppa-source/album-150/P1010381.JPG	"/mnt/1tb/onedrive/Pictures/Other Photos/1964 - 2015 Original Photos/2012-13 Originals/P1010381.JPG"	369483	4086784
4587	"2013 The Great Ocean Walk"	P1010391.JPG	/mnt/1tb/wppa-source/album-150/P1010391.JPG	"/mnt/1tb/onedrive/Pictures/Other Photos/1964 - 2015 Original Photos/2012-13 Originals/P1010391.JPG"	215076	3542016
4588	"2013 The Great Ocean Walk"	P1010398.JPG	/mnt/1tb/wppa-source/album-150/P1010398.JPG	"/mnt/1tb/onedrive/Pictures/Other Photos/1964 - 2015 Original Photos/2012-13 Originals/P1010398.JPG"	768981	4009472
4589	"2013 The Great Ocean Walk"	P1010403.JPG	/mnt/1tb/wppa-source/album-150/P1010403.JPG	"/mnt/1tb/onedrive/Pictures/Other Photos/1964 - 2015 Original Photos/2012-13 Originals/P1010403.JPG"	656987	4383232
4590	"2013 The Great Ocean Walk"	P1010404.JPG	/mnt/1tb/wppa-source/album-150/P1010404.JPG	"/mnt/1tb/onedrive/Pictures/Other Photos/1964 - 2015 Original Photos/2012-13 Originals/P1010404.JPG"	698961	4436992
4591	"2013 The Great Ocean Walk"	P1010407.JPG	/mnt/1tb/wppa-source/album-150/P1010407.JPG	"/mnt/1tb/onedrive/Pictures/Other Photos/1964 - 2015 Original Photos/2012-13 Originals/P1010407.JPG"	277904	3836928
4592	"2013 The Great Ocean Walk"	P1010408.JPG	/mnt/1tb/wppa-source/album-150/P1010408.JPG	"/mnt/1tb/onedrive/Pictures/Other Photos/1964 - 2015 Original Photos/2012-13 Originals/P1010408.JPG"	218881	3489792
4593	"2013 The Great Ocean Walk"	P1010410.JPG	/mnt/1tb/wppa-source/album-150/P1010410.JPG	"/mnt/1tb/onedrive/Pictures/Other Photos/1964 - 2015 Original Photos/2012-13 Originals/P1010410.JPG"	496221	4386304
4594	"2013 The Great Ocean Walk"	P1010412.JPG	/mnt/1tb/wppa-source/album-150/P1010412.JPG	"/mnt/1tb/onedrive/Pictures/Other Photos/1964 - 2015 Original Photos/2012-13 Originals/P1010412.JPG"	583136	4124160
4595	"2013 The Great Ocean Walk"	P1010416.JPG	/mnt/1tb/wppa-source/album-150/P1010416.JPG	"/mnt/1tb/onedrive/Pictures/Other Photos/1964 - 2015 Original Photos/2012-13 Originals/P1010416.JPG"	681951	4354048
4596	"2013 The Great Ocean Walk"	P1010417.JPG	/mnt/1tb/wppa-source/album-150/P1010417.JPG	"/mnt/1tb/onedrive/Pictures/Other Photos/1964 - 2015 Original Photos/2012-13 Originals/P1010417.JPG"	336752	4148224
4597	"2013 The Great Ocean Walk"	P1010419.JPG	/mnt/1tb/wppa-source/album-150/P1010419.JPG	"/mnt/1tb/onedrive/Pictures/Other Photos/1964 - 2015 Original Photos/2012-13 Originals/P1010419.JPG"	711740	4400640
4598	"2013 The Great Ocean Walk"	P1010424.JPG	/mnt/1tb/wppa-source/album-150/P1010424.JPG	"/mnt/1tb/onedrive/Pictures/Other Photos/1964 - 2015 Original Photos/2012-13 Originals/P1010424.JPG"	956135	4313088
4599	"2013 The Great Ocean Walk"	P1010425.JPG	/mnt/1tb/wppa-source/album-150/P1010425.JPG	"/mnt/1tb/onedrive/Pictures/Other Photos/1964 - 2015 Original Photos/2012-13 Originals/P1010425.JPG"	548626	4437504
4600	"2013 The Great Ocean Walk"	P1010428.JPG	/mnt/1tb/wppa-source/album-150/P1010428.JPG	"/mnt/1tb/onedrive/Pictures/Other Photos/1964 - 2015 Original Photos/2012-13 Originals/P1010428.JPG"	310752	3612160
4601	"2013 The Great Ocean Walk"	P1010429.JPG	/mnt/1tb/wppa-source/album-150/P1010429.JPG	"/mnt/1tb/onedrive/Pictures/Other Photos/1964 - 2015 Original Photos/2012-13 Originals/P1010429.JPG"	217027	3641344
4602	"2013 The Great Ocean Walk"	P1010431.JPG	/mnt/1tb/wppa-source/album-150/P1010431.JPG	"/mnt/1tb/onedrive/Pictures/Other Photos/1964 - 2015 Original Photos/2012-13 Originals/P1010431.JPG"	397496	4108800
4603	"2013 The Great Ocean Walk"	P1010432.JPG	/mnt/1tb/wppa-source/album-150/P1010432.JPG	"/mnt/1tb/onedrive/Pictures/Other Photos/1964 - 2015 Original Photos/2012-13 Originals/P1010432.JPG"	422864	4383744
4745	"2012 Two Bays Walking Track"	C360_2012-02-20-08-16-48.jpg	/mnt/1tb/wppa-source/album-153/C360_2012-02-20-08-16-48.jpg	"/mnt/1tb/onedrive/Pictures/Other Photos/1964 - 2015 Original Photos/2012-13 Originals/C360_2012-02-20-08-16-48.jpg"	1545212	1545776
4746	"2012 Two Bays Walking Track"	C360_2012-02-20-08-18-28.jpg	/mnt/1tb/wppa-source/album-153/C360_2012-02-20-08-18-28.jpg	"/mnt/1tb/onedrive/Pictures/Other Photos/1964 - 2015 Original Photos/2012-13 Originals/C360_2012-02-20-08-18-28.jpg"	2015642	2016236
4747	"2012 Two Bays Walking Track"	C360_2012-02-20-09-16-05.jpg	/mnt/1tb/wppa-source/album-153/C360_2012-02-20-09-16-05.jpg	"/mnt/1tb/onedrive/Pictures/Other Photos/1964 - 2015 Original Photos/2012-13 Originals/C360_2012-02-20-09-16-05.jpg"	1655878	1656473
4748	"2012 Two Bays Walking Track"	C360_2012-02-20-09-37-53.jpg	/mnt/1tb/wppa-source/album-153/C360_2012-02-20-09-37-53.jpg	"/mnt/1tb/onedrive/Pictures/Other Photos/1964 - 2015 Original Photos/2012-13 Originals/C360_2012-02-20-09-37-53.jpg"	2923214	2923790
4749	"2012 Two Bays Walking Track"	C360_2012-02-20-10-52-14.jpg	/mnt/1tb/wppa-source/album-153/C360_2012-02-20-10-52-14.jpg	"/mnt/1tb/onedrive/Pictures/Other Photos/1964 - 2015 Original Photos/2012-13 Originals/C360_2012-02-20-10-52-14.jpg"	2986873	2987533
4750	"2012 Two Bays Walking Track"	C360_2012-02-20-11-06-24.jpg	/mnt/1tb/wppa-source/album-153/C360_2012-02-20-11-06-24.jpg	"/mnt/1tb/onedrive/Pictures/Other Photos/1964 - 2015 Original Photos/2012-13 Originals/C360_2012-02-20-11-06-24.jpg"	1701491	1702091
4751	"2012 Two Bays Walking Track"	C360_2012-02-20-11-21-34.jpg	/mnt/1tb/wppa-source/album-153/C360_2012-02-20-11-21-34.jpg	"/mnt/1tb/onedrive/Pictures/Other Photos/1964 - 2015 Original Photos/2012-13 Originals/C360_2012-02-20-11-21-34.jpg"	2998828	2999470
4752	"2012 Two Bays Walking Track"	C360_2012-02-20-13-07-43.jpg	/mnt/1tb/wppa-source/album-153/C360_2012-02-20-13-07-43.jpg	"/mnt/1tb/onedrive/Pictures/Other Photos/1964 - 2015 Original Photos/2012-13 Originals/C360_2012-02-20-13-07-43.jpg"	1768525	1769150
4753	"2012 Two Bays Walking Track"	C360_2012-02-20-14-27-33.jpg	/mnt/1tb/wppa-source/album-153/C360_2012-02-20-14-27-33.jpg	"/mnt/1tb/onedrive/Pictures/Other Photos/1964 - 2015 Original Photos/2012-13 Originals/C360_2012-02-20-14-27-33.jpg"	3095525	3096119
4754	"2012 Two Bays Walking Track"	C360_2012-02-20-15-12-56.jpg	/mnt/1tb/wppa-source/album-153/C360_2012-02-20-15-12-56.jpg	"/mnt/1tb/onedrive/Pictures/Other Photos/1964 - 2015 Original Photos/2012-13 Originals/C360_2012-02-20-15-12-56.jpg"	1868320	1868950
4755	"2012 Two Bays Walking Track"	C360_2012-02-20-15-45-32.jpg	/mnt/1tb/wppa-source/album-153/C360_2012-02-20-15-45-32.jpg	"/mnt/1tb/onedrive/Pictures/Other Photos/1964 - 2015 Original Photos/2012-13 Originals/C360_2012-02-20-15-45-32.jpg"	2287869	2288434
4756	"2012 Two Bays Walking Track"	C360_2012-02-20-16-07-38.jpg	/mnt/1tb/wppa-source/album-153/C360_2012-02-20-16-07-38.jpg	"/mnt/1tb/onedrive/Pictures/Other Photos/1964 - 2015 Original Photos/2012-13 Originals/C360_2012-02-20-16-07-38.jpg"	1810428	1811034
4757	"2012 Two Bays Walking Track"	C360_2012-02-20-16-56-04.jpg	/mnt/1tb/wppa-source/album-153/C360_2012-02-20-16-56-04.jpg	"/mnt/1tb/onedrive/Pictures/Other Photos/1964 - 2015 Original Photos/2012-13 Originals/C360_2012-02-20-16-56-04.jpg"	1618493	1619070
4765	"2012 Viking Circuit Walk"	199201_092_Victorian_High_Country.jpg	/mnt/1tb/wppa-source/album-154/199201_092_Victorian_High_Country.jpg	"/mnt/1tb/onedrive/Pictures/Other Photos/1964 - 2015 Original Photos/1990-1996 Slides/resized for website/resized_1990/199201_092_Victorian_High_Country.jpg"	26197	25388
4767	"2012 Viking Circuit Walk"	P1000246.JPG	/mnt/1tb/wppa-source/album-154/P1000246.JPG	"/mnt/1tb/onedrive/Pictures/Other Photos/1964 - 2015 Original Photos/2012-13 Originals/P1000246.JPG"	877960	4224000
4768	"2012 Viking Circuit Walk"	P1000252.JPG	/mnt/1tb/wppa-source/album-154/P1000252.JPG	"/mnt/1tb/onedrive/Pictures/Other Photos/1964 - 2015 Original Photos/2012-13 Originals/P1000252.JPG"	846425	4250112
4769	"2012 Viking Circuit Walk"	P1000258.JPG	/mnt/1tb/wppa-source/album-154/P1000258.JPG	"/mnt/1tb/onedrive/Pictures/Other Photos/1964 - 2015 Original Photos/2012-13 Originals/P1000258.JPG"	915332	4117504
4770	"2012 Viking Circuit Walk"	P1000260.JPG	/mnt/1tb/wppa-source/album-154/P1000260.JPG	"/mnt/1tb/onedrive/Pictures/Other Photos/1964 - 2015 Original Photos/2012-13 Originals/P1000260.JPG"	239845	3225088
4771	"2012 Viking Circuit Walk"	P1000269.JPG	/mnt/1tb/wppa-source/album-154/P1000269.JPG	"/mnt/1tb/onedrive/Pictures/Other Photos/1964 - 2015 Original Photos/2012-13 Originals/P1000269.JPG"	709050	4500480
4772	"2012 Viking Circuit Walk"	P1000275.JPG	/mnt/1tb/wppa-source/album-154/P1000275.JPG	"/mnt/1tb/onedrive/Pictures/Other Photos/1964 - 2015 Original Photos/2012-13 Originals/P1000275.JPG"	1062681	4267520
4773	"2012 Viking Circuit Walk"	P1000286.JPG	/mnt/1tb/wppa-source/album-154/P1000286.JPG	"/mnt/1tb/onedrive/Pictures/Other Photos/1964 - 2015 Original Photos/2012-13 Originals/P1000286.JPG"	672646	4446720
4774	"2012 Viking Circuit Walk"	P1000289.JPG	/mnt/1tb/wppa-source/album-154/P1000289.JPG	"/mnt/1tb/onedrive/Pictures/Other Photos/1964 - 2015 Original Photos/2012-13 Originals/P1000289.JPG"	1104015	4389888
4775	"2012 Viking Circuit Walk"	P1000299.JPG	/mnt/1tb/wppa-source/album-154/P1000299.JPG	"/mnt/1tb/onedrive/Pictures/Other Photos/1964 - 2015 Original Photos/2012-13 Originals/P1000299.JPG"	1285512	4413952
4776	"2012 Viking Circuit Walk"	P1000300.JPG	/mnt/1tb/wppa-source/album-154/P1000300.JPG	"/mnt/1tb/onedrive/Pictures/Other Photos/1964 - 2015 Original Photos/2012-13 Originals/P1000300.JPG"	1079346	3138007
4777	"2012 Viking Circuit Walk"	P1000305.JPG	/mnt/1tb/wppa-source/album-154/P1000305.JPG	"/mnt/1tb/onedrive/Pictures/Other Photos/1964 - 2015 Original Photos/2012-13 Originals/P1000305.JPG"	474308	4343808
4778	"2012 Viking Circuit Walk"	P1000308.JPG	/mnt/1tb/wppa-source/album-154/P1000308.JPG	"/mnt/1tb/onedrive/Pictures/Other Photos/1964 - 2015 Original Photos/2012-13 Originals/P1000308.JPG"	896860	4192256
4779	"2012 Viking Circuit Walk"	P1000316.JPG	/mnt/1tb/wppa-source/album-154/P1000316.JPG	"/mnt/1tb/onedrive/Pictures/Other Photos/1964 - 2015 Original Photos/2012-13 Originals/P1000316.JPG"	94238	3185152
4780	"2012 Viking Circuit Walk"	P1000324.JPG	/mnt/1tb/wppa-source/album-154/P1000324.JPG	"/mnt/1tb/onedrive/Pictures/Other Photos/1964 - 2015 Original Photos/2012-13 Originals/P1000324.JPG"	95980	3012608
4781	"2012 Viking Circuit Walk"	P1000325.JPG	/mnt/1tb/wppa-source/album-154/P1000325.JPG	"/mnt/1tb/onedrive/Pictures/Other Photos/1964 - 2015 Original Photos/2012-13 Originals/P1000325.JPG"	754407	4590080
4782	"2012 Viking Circuit Walk"	P1000328.JPG	/mnt/1tb/wppa-source/album-154/P1000328.JPG	"/mnt/1tb/onedrive/Pictures/Other Photos/1964 - 2015 Original Photos/2012-13 Originals/P1000328.JPG"	874738	4257280
4783	"2012 Viking Circuit Walk"	P1000334.JPG	/mnt/1tb/wppa-source/album-154/P1000334.JPG	"/mnt/1tb/onedrive/Pictures/Other Photos/1964 - 2015 Original Photos/2012-13 Originals/P1000334.JPG"	1212937	4359680
4784	"2012 Viking Circuit Walk"	P1000340.JPG	/mnt/1tb/wppa-source/album-154/P1000340.JPG	"/mnt/1tb/onedrive/Pictures/Other Photos/1964 - 2015 Original Photos/2012-13 Originals/P1000340.JPG"	731392	4292096
4785	"2012 Viking Circuit Walk"	P1000342.JPG	/mnt/1tb/wppa-source/album-154/P1000342.JPG	"/mnt/1tb/onedrive/Pictures/Other Photos/1964 - 2015 Original Photos/2012-13 Originals/P1000342.JPG"	1008164	3018465
4786	"2012 Viking Circuit Walk"	P1000349.JPG	/mnt/1tb/wppa-source/album-154/P1000349.JPG	"/mnt/1tb/onedrive/Pictures/Other Photos/1964 - 2015 Original Photos/2012-13 Originals/P1000349.JPG"	568969	4441600
4787	"2012 Viking Circuit Walk"	P1000353.JPG	/mnt/1tb/wppa-source/album-154/P1000353.JPG	"/mnt/1tb/onedrive/Pictures/Other Photos/1964 - 2015 Original Photos/2012-13 Originals/P1000353.JPG"	838509	3997184
4788	"2012 Viking Circuit Walk"	P1000356.JPG	/mnt/1tb/wppa-source/album-154/P1000356.JPG	"/mnt/1tb/onedrive/Pictures/Other Photos/1964 - 2015 Original Photos/2012-13 Originals/P1000356.JPG"	671087	4405760
4789	"2012 Viking Circuit Walk"	P1000357.JPG	/mnt/1tb/wppa-source/album-154/P1000357.JPG	"/mnt/1tb/onedrive/Pictures/Other Photos/1964 - 2015 Original Photos/2012-13 Originals/P1000357.JPG"	695792	4281344
4790	"2012 Viking Circuit Walk"	P1000367.JPG	/mnt/1tb/wppa-source/album-154/P1000367.JPG	"/mnt/1tb/onedrive/Pictures/Other Photos/1964 - 2015 Original Photos/2012-13 Originals/P1000367.JPG"	492316	4172288
4791	"2012 Viking Circuit Walk"	P1000368.JPG	/mnt/1tb/wppa-source/album-154/P1000368.JPG	"/mnt/1tb/onedrive/Pictures/Other Photos/1964 - 2015 Original Photos/2012-13 Originals/P1000368.JPG"	543615	4214272
4792	"2012 Viking Circuit Walk"	P1000373.JPG	/mnt/1tb/wppa-source/album-154/P1000373.JPG	"/mnt/1tb/onedrive/Pictures/Other Photos/1964 - 2015 Original Photos/2012-13 Originals/P1000373.JPG"	612258	4167680
4793	"2012 Viking Circuit Walk"	P1000375.JPG	/mnt/1tb/wppa-source/album-154/P1000375.JPG	"/mnt/1tb/onedrive/Pictures/Other Photos/1964 - 2015 Original Photos/2012-13 Originals/P1000375.JPG"	443296	4158464
4794	"2012 Viking Circuit Walk"	P1000378.JPG	/mnt/1tb/wppa-source/album-154/P1000378.JPG	"/mnt/1tb/onedrive/Pictures/Other Photos/1964 - 2015 Original Photos/2012-13 Originals/P1000378.JPG"	405243	4142080
4795	"2012 Viking Circuit Walk"	P1000383.JPG	/mnt/1tb/wppa-source/album-154/P1000383.JPG	"/mnt/1tb/onedrive/Pictures/Other Photos/1964 - 2015 Original Photos/2012-13 Originals/P1000383.JPG"	888427	4216832
4796	"2012 Viking Circuit Walk"	P1000385.JPG	/mnt/1tb/wppa-source/album-154/P1000385.JPG	"/mnt/1tb/onedrive/Pictures/Other Photos/1964 - 2015 Original Photos/2012-13 Originals/P1000385.JPG"	1065651	4268544
4797	"2012 Viking Circuit Walk"	P1000388.JPG	/mnt/1tb/wppa-source/album-154/P1000388.JPG	"/mnt/1tb/onedrive/Pictures/Other Photos/1964 - 2015 Original Photos/2012-13 Originals/P1000388.JPG"	1138498	4320768
4798	"2012 Viking Circuit Walk"	P1000390.JPG	/mnt/1tb/wppa-source/album-154/P1000390.JPG	"/mnt/1tb/onedrive/Pictures/Other Photos/1964 - 2015 Original Photos/2012-13 Originals/P1000390.JPG"	1013044	4123136
4799	"2012 Viking Circuit Walk"	P1000391.JPG	/mnt/1tb/wppa-source/album-154/P1000391.JPG	"/mnt/1tb/onedrive/Pictures/Other Photos/1964 - 2015 Original Photos/2012-13 Originals/P1000391.JPG"	921486	4270592
4800	"2012 Viking Circuit Walk"	P1000400.JPG	/mnt/1tb/wppa-source/album-154/P1000400.JPG	"/mnt/1tb/onedrive/Pictures/Other Photos/1964 - 2015 Original Photos/2012-13 Originals/P1000400.JPG"	741361	4012544
4801	"2012 Viking Circuit Walk"	P1000402.JPG	/mnt/1tb/wppa-source/album-154/P1000402.JPG	"/mnt/1tb/onedrive/Pictures/Other Photos/1964 - 2015 Original Photos/2012-13 Originals/P1000402.JPG"	885566	4315136
4802	"2012 Viking Circuit Walk"	P1000407.JPG	/mnt/1tb/wppa-source/album-154/P1000407.JPG	"/mnt/1tb/onedrive/Pictures/Other Photos/1964 - 2015 Original Photos/2012-13 Originals/P1000407.JPG"	814414	4042752
4803	"2012 Viking Circuit Walk"	P1000410.JPG	/mnt/1tb/wppa-source/album-154/P1000410.JPG	"/mnt/1tb/onedrive/Pictures/Other Photos/1964 - 2015 Original Photos/2012-13 Originals/P1000410.JPG"	1089431	4293120
4804	"2012 Viking Circuit Walk"	P1000412.JPG	/mnt/1tb/wppa-source/album-154/P1000412.JPG	"/mnt/1tb/onedrive/Pictures/Other Photos/1964 - 2015 Original Photos/2012-13 Originals/P1000412.JPG"	77008	2450432
4806	"2013 Wilderness Coast Walk"	P1010573.JPG	/mnt/1tb/wppa-source/album-155/P1010573.JPG	"/mnt/1tb/onedrive/Pictures/Other Photos/1964 - 2015 Original Photos/2013-14 Originals/P1010573.JPG"	531457	4406784
4807	"2013 Wilderness Coast Walk"	P1010579.JPG	/mnt/1tb/wppa-source/album-155/P1010579.JPG	"/mnt/1tb/onedrive/Pictures/Other Photos/1964 - 2015 Original Photos/2013-14 Originals/P1010579.JPG"	982147	4151808
4808	"2013 Wilderness Coast Walk"	P1010583.JPG	/mnt/1tb/wppa-source/album-155/P1010583.JPG	"/mnt/1tb/onedrive/Pictures/Other Photos/1964 - 2015 Original Photos/2013-14 Originals/P1010583.JPG"	198133	3492864
4809	"2013 Wilderness Coast Walk"	P1010592.JPG	/mnt/1tb/wppa-source/album-155/P1010592.JPG	"/mnt/1tb/onedrive/Pictures/Other Photos/1964 - 2015 Original Photos/2013-14 Originals/P1010592.JPG"	340505	3991040
4810	"2013 Wilderness Coast Walk"	P1010594.JPG	/mnt/1tb/wppa-source/album-155/P1010594.JPG	"/mnt/1tb/onedrive/Pictures/Other Photos/1964 - 2015 Original Photos/2013-14 Originals/P1010594.JPG"	365597	4176384
4811	"2013 Wilderness Coast Walk"	P1010595.JPG	/mnt/1tb/wppa-source/album-155/P1010595.JPG	"/mnt/1tb/onedrive/Pictures/Other Photos/1964 - 2015 Original Photos/2013-14 Originals/P1010595.JPG"	211948	3703296
4812	"2013 Wilderness Coast Walk"	P1010602.JPG	/mnt/1tb/wppa-source/album-155/P1010602.JPG	"/mnt/1tb/onedrive/Pictures/Other Photos/1964 - 2015 Original Photos/2013-14 Originals/P1010602.JPG"	339232	4090368
4813	"2013 Wilderness Coast Walk"	P1010603.JPG	/mnt/1tb/wppa-source/album-155/P1010603.JPG	"/mnt/1tb/onedrive/Pictures/Other Photos/1964 - 2015 Original Photos/2013-14 Originals/P1010603.JPG"	179194	3290624
4814	"2013 Wilderness Coast Walk"	P1010618.JPG	/mnt/1tb/wppa-source/album-155/P1010618.JPG	"/mnt/1tb/onedrive/Pictures/Other Photos/1964 - 2015 Original Photos/2013-14 Originals/P1010618.JPG"	653883	4392960
4815	"2013 Wilderness Coast Walk"	P1010637.JPG	/mnt/1tb/wppa-source/album-155/P1010637.JPG	"/mnt/1tb/onedrive/Pictures/Other Photos/1964 - 2015 Original Photos/2013-14 Originals/P1010637.JPG"	337948	4184064
4816	"2013 Wilderness Coast Walk"	P1010642.JPG	/mnt/1tb/wppa-source/album-155/P1010642.JPG	"/mnt/1tb/onedrive/Pictures/Other Photos/1964 - 2015 Original Photos/2013-14 Originals/P1010642.JPG"	579736	4388352
4817	"2013 Wilderness Coast Walk"	P1010646.JPG	/mnt/1tb/wppa-source/album-155/P1010646.JPG	"/mnt/1tb/onedrive/Pictures/Other Photos/1964 - 2015 Original Photos/2013-14 Originals/P1010646.JPG"	518231	4346880
4818	"2013 Wilderness Coast Walk"	P1010647.JPG	/mnt/1tb/wppa-source/album-155/P1010647.JPG	"/mnt/1tb/onedrive/Pictures/Other Photos/1964 - 2015 Original Photos/2013-14 Originals/P1010647.JPG"	368136	4369920
4819	"2013 Wilderness Coast Walk"	P1010659.JPG	/mnt/1tb/wppa-source/album-155/P1010659.JPG	"/mnt/1tb/onedrive/Pictures/Other Photos/1964 - 2015 Original Photos/2013-14 Originals/P1010659.JPG"	543325	4221952
4820	"2013 Wilderness Coast Walk"	P1010660.JPG	/mnt/1tb/wppa-source/album-155/P1010660.JPG	"/mnt/1tb/onedrive/Pictures/Other Photos/1964 - 2015 Original Photos/2013-14 Originals/P1010660.JPG"	376783	4224000
4821	"2013 Wilderness Coast Walk"	P1010673.JPG	/mnt/1tb/wppa-source/album-155/P1010673.JPG	"/mnt/1tb/onedrive/Pictures/Other Photos/1964 - 2015 Original Photos/2013-14 Originals/P1010673.JPG"	566828	4222976
4822	"2013 Wilderness Coast Walk"	P1010676.JPG	/mnt/1tb/wppa-source/album-155/P1010676.JPG	"/mnt/1tb/onedrive/Pictures/Other Photos/1964 - 2015 Original Photos/2013-14 Originals/P1010676.JPG"	447486	4365312
4823	"2013 Wilderness Coast Walk"	P1010688.JPG	/mnt/1tb/wppa-source/album-155/P1010688.JPG	"/mnt/1tb/onedrive/Pictures/Other Photos/1964 - 2015 Original Photos/2013-14 Originals/P1010688.JPG"	352491	4358144
4824	"2013 Wilderness Coast Walk"	P1010692.JPG	/mnt/1tb/wppa-source/album-155/P1010692.JPG	"/mnt/1tb/onedrive/Pictures/Other Photos/1964 - 2015 Original Photos/2013-14 Originals/P1010692.JPG"	974248	4374528
4825	"2013 Wilderness Coast Walk"	P1010707.JPG	/mnt/1tb/wppa-source/album-155/P1010707.JPG	"/mnt/1tb/onedrive/Pictures/Other Photos/1964 - 2015 Original Photos/2013-14 Originals/P1010707.JPG"	741325	4196352
4826	"2013 Wilderness Coast Walk"	P1010710.JPG	/mnt/1tb/wppa-source/album-155/P1010710.JPG	"/mnt/1tb/onedrive/Pictures/Other Photos/1964 - 2015 Original Photos/2013-14 Originals/P1010710.JPG"	1020901	4331520
4827	"2013 Wilderness Coast Walk"	P1010711.JPG	/mnt/1tb/wppa-source/album-155/P1010711.JPG	"/mnt/1tb/onedrive/Pictures/Other Photos/1964 - 2015 Original Photos/2013-14 Originals/P1010711.JPG"	462565	4090880
4828	"2013 Wilderness Coast Walk"	P1010715.JPG	/mnt/1tb/wppa-source/album-155/P1010715.JPG	"/mnt/1tb/onedrive/Pictures/Other Photos/1964 - 2015 Original Photos/2013-14 Originals/P1010715.JPG"	157282	3520512
4829	"2013 Wilderness Coast Walk"	P1010721.JPG	/mnt/1tb/wppa-source/album-155/P1010721.JPG	"/mnt/1tb/onedrive/Pictures/Other Photos/1964 - 2015 Original Photos/2013-14 Originals/P1010721.JPG"	282569	3994112
4830	"2013 Wilderness Coast Walk"	P1010722.JPG	/mnt/1tb/wppa-source/album-155/P1010722.JPG	"/mnt/1tb/onedrive/Pictures/Other Photos/1964 - 2015 Original Photos/2013-14 Originals/P1010722.JPG"	221355	4212224
4831	"2013 Wilderness Coast Walk"	P1010727.JPG	/mnt/1tb/wppa-source/album-155/P1010727.JPG	"/mnt/1tb/onedrive/Pictures/Other Photos/1964 - 2015 Original Photos/2013-14 Originals/P1010727.JPG"	194312	3384320
4832	"2013 Wilderness Coast Walk"	P1010736.JPG	/mnt/1tb/wppa-source/album-155/P1010736.JPG	"/mnt/1tb/onedrive/Pictures/Other Photos/1964 - 2015 Original Photos/2013-14 Originals/P1010736.JPG"	751768	4236288
